DROP TABLE IF EXISTS `authoring_item`;
CREATE TABLE `authoring_item` (
  `id` int(11) unsigned NOT NULL AUTO_INCREMENT,
  `json` json NOT NULL,
  `model_uuid` varchar(32) NOT NULL DEFAULT '',
  `date_created` timestamp NOT NULL DEFAULT CURRENT_TIMESTAMP,
  PRIMARY KEY (`id`)
) ENGINE=InnoDB DEFAULT CHARSET=utf8;

DROP TABLE IF EXISTS `authoring_presentation`;
CREATE TABLE `authoring_presentation` (
  `id` int(11) unsigned NOT NULL AUTO_INCREMENT,
  `json` json NOT NULL,
  `model_uuid` varchar(32) NOT NULL DEFAULT '',
  `date_created` timestamp NOT NULL DEFAULT CURRENT_TIMESTAMP,
  PRIMARY KEY (`id`)
) ENGINE=InnoDB DEFAULT CHARSET=utf8;

DROP TABLE IF EXISTS `background_removal_method`;
CREATE TABLE `background_removal_method` (
  `background_removal_method_id` int(11) NOT NULL AUTO_INCREMENT,
  `label` varchar(255) NOT NULL DEFAULT '',
  `date_created` datetime NOT NULL,
  `created_by_user_account_id` int(11) NOT NULL,
  `last_modified` timestamp NOT NULL DEFAULT CURRENT_TIMESTAMP ON UPDATE CURRENT_TIMESTAMP,
  `last_modified_user_account_id` int(11) NOT NULL,
  `active` tinyint(1) NOT NULL DEFAULT '1',
  PRIMARY KEY (`background_removal_method_id`),
  KEY `created_by_user_account_id` (`created_by_user_account_id`),
  KEY `last_modified_user_account_id` (`last_modified_user_account_id`)
) ENGINE=InnoDB DEFAULT CHARSET=utf8 COMMENT='This table stores background_removal_methods metadata';

DROP TABLE IF EXISTS `backup`;
CREATE TABLE `backup` (
  `backup_id` int(11) NOT NULL AUTO_INCREMENT,
  `backup_filename` varchar(2000) NOT NULL,
  `result` tinyint(1) NOT NULL,
  `error` varchar(8000) DEFAULT NULL,
  `date_created` datetime NOT NULL,
  `created_by_user_account_id` int(11) NOT NULL,
  `last_modified` timestamp NOT NULL DEFAULT CURRENT_TIMESTAMP ON UPDATE CURRENT_TIMESTAMP,
  `last_modified_user_account_id` int(11) NOT NULL,
  PRIMARY KEY (`backup_id`)
) ENGINE=InnoDB DEFAULT CHARSET=utf8;

DROP TABLE IF EXISTS `calibration_object_type`;
CREATE TABLE `calibration_object_type` (
  `calibration_object_type_id` int(11) NOT NULL AUTO_INCREMENT,
  `label` varchar(255) NOT NULL DEFAULT '',
  `date_created` datetime NOT NULL,
  `created_by_user_account_id` int(11) NOT NULL,
  `last_modified` timestamp NOT NULL DEFAULT CURRENT_TIMESTAMP ON UPDATE CURRENT_TIMESTAMP,
  `last_modified_user_account_id` int(11) NOT NULL,
  `active` tinyint(1) NOT NULL DEFAULT '1',
  PRIMARY KEY (`calibration_object_type_id`),
  KEY `created_by_user_account_id` (`created_by_user_account_id`),
  KEY `last_modified_user_account_id` (`last_modified_user_account_id`)
) ENGINE=InnoDB DEFAULT CHARSET=utf8 COMMENT='This table stores calibration_object_types metadata';

DROP TABLE IF EXISTS `camera_cluster_type`;
CREATE TABLE `camera_cluster_type` (
  `camera_cluster_type_id` int(11) NOT NULL AUTO_INCREMENT,
  `label` varchar(255) NOT NULL DEFAULT '',
  `date_created` datetime NOT NULL,
  `created_by_user_account_id` int(11) NOT NULL,
  `last_modified` timestamp NOT NULL DEFAULT CURRENT_TIMESTAMP ON UPDATE CURRENT_TIMESTAMP,
  `last_modified_user_account_id` int(11) NOT NULL,
  `active` tinyint(1) NOT NULL DEFAULT '1',
  PRIMARY KEY (`camera_cluster_type_id`),
  KEY `created_by_user_account_id` (`created_by_user_account_id`),
  KEY `last_modified_user_account_id` (`last_modified_user_account_id`)
) ENGINE=InnoDB DEFAULT CHARSET=utf8 COMMENT='This table stores camera_cluster_types metadata';

DROP TABLE IF EXISTS `capture_data_element`;
CREATE TABLE `capture_data_element` (
  `capture_data_element_id` int(11) unsigned NOT NULL AUTO_INCREMENT,
  `capture_dataset_id` int(11) NOT NULL,
  `capture_device_configuration_id` varchar(255) DEFAULT '',
  `capture_device_field_id` int(11) DEFAULT NULL,
  `capture_sequence_number` int(11) DEFAULT NULL,
  `cluster_position_field_id` int(11) DEFAULT NULL,
  `position_in_cluster_field_id` int(11) DEFAULT NULL,
  `date_created` datetime NOT NULL,
  `created_by_user_account_id` int(11) NOT NULL,
  `last_modified` timestamp NOT NULL DEFAULT CURRENT_TIMESTAMP ON UPDATE CURRENT_TIMESTAMP,
  `last_modified_user_account_id` int(11) NOT NULL,
  `active` tinyint(1) NOT NULL DEFAULT '1',
  PRIMARY KEY (`capture_data_element_id`),
  KEY `created_by_user_account_id` (`created_by_user_account_id`),
  KEY `last_modified_user_account_id` (`last_modified_user_account_id`),
  KEY `dataset_element_guid` (`capture_device_configuration_id`)
) ENGINE=InnoDB DEFAULT CHARSET=utf8 COMMENT='This table stores dataset metadata';

DROP TABLE IF EXISTS `capture_data_file`;
CREATE TABLE `capture_data_file` (
  `capture_data_file_id` int(11) unsigned NOT NULL AUTO_INCREMENT,
  `capture_data_element_id` int(11) NOT NULL,
  `file_upload_id` int(11) NOT NULL,
  `capture_data_file_name` varchar(255) DEFAULT NULL,
  `capture_data_file_type` varchar(255) DEFAULT NULL,
  `variant_type` varchar(50) DEFAULT NULL,
  `is_compressed_multiple_files` varchar(255) DEFAULT NULL,
  `date_created` datetime NOT NULL DEFAULT CURRENT_TIMESTAMP,
  `created_by_user_account_id` int(11) NOT NULL,
  `last_modified` timestamp NOT NULL DEFAULT CURRENT_TIMESTAMP ON UPDATE CURRENT_TIMESTAMP,
  `last_modified_user_account_id` int(11) NOT NULL,
  `active` tinyint(1) NOT NULL DEFAULT '1',
  PRIMARY KEY (`capture_data_file_id`),
  KEY `created_by_user_account_id` (`created_by_user_account_id`),
  KEY `last_modified_user_account_id` (`last_modified_user_account_id`)
) ENGINE=InnoDB DEFAULT CHARSET=utf8 COMMENT='This table stores capture_data_file metadata';

DROP TABLE IF EXISTS `capture_data_file_derivative`;
CREATE TABLE `capture_data_file_derivative` (
  `capture_data_file_derivative_id` int(11) unsigned NOT NULL AUTO_INCREMENT,
  `capture_data_file_id` int(11) NOT NULL,
  `file_upload_id` int(11) NOT NULL,
  `derivative_file_name` varchar(255) DEFAULT NULL,
  `derivative_file_type` varchar(255) DEFAULT NULL,
  `image_width` int(11) NOT NULL DEFAULT '0',
  `image_height` int(11) NOT NULL DEFAULT '0',
  `date_created` datetime NOT NULL DEFAULT CURRENT_TIMESTAMP,
  `created_by_user_account_id` int(11) NOT NULL,
  `last_modified` timestamp NOT NULL DEFAULT CURRENT_TIMESTAMP ON UPDATE CURRENT_TIMESTAMP,
  `last_modified_user_account_id` int(11) NOT NULL,
  `active` tinyint(1) NOT NULL DEFAULT '1',
  PRIMARY KEY (`capture_data_file_derivative_id`),
  KEY `created_by_user_account_id` (`created_by_user_account_id`),
  KEY `last_modified_user_account_id` (`last_modified_user_account_id`)
) ENGINE=InnoDB DEFAULT CHARSET=utf8 COMMENT='This table stores capture_data_file_derivative metadata';

DROP TABLE IF EXISTS `capture_dataset`;
CREATE TABLE `capture_dataset` (
  `capture_dataset_id` int(11) unsigned NOT NULL AUTO_INCREMENT,
  `capture_dataset_guid` varchar(255) NOT NULL DEFAULT '',
  `item_id` int(11) NOT NULL,
  `capture_dataset_field_id` int(11) NOT NULL,
  `capture_method` int(11) DEFAULT NULL,
  `capture_dataset_type` int(11) DEFAULT NULL,
  `capture_dataset_name` varchar(255) NOT NULL DEFAULT '',
  `collected_by` varchar(255) NOT NULL DEFAULT '',
  `date_of_capture` datetime NOT NULL,
  `capture_dataset_description` text,
  `collection_notes` text,
  `support_equipment` varchar(255) DEFAULT NULL,
  `item_position_type` int(11) DEFAULT NULL,
  `item_position_field_id` int(11) NOT NULL,
  `item_arrangement_field_id` int(11) NOT NULL,
  `positionally_matched_capture_datasets` varchar(255) DEFAULT '',
  `focus_type` int(11) DEFAULT NULL,
  `light_source_type` int(11) DEFAULT NULL,
  `background_removal_method` int(11) DEFAULT NULL,
  `cluster_type` int(11) DEFAULT NULL,
  `cluster_geometry_field_id` int(11) DEFAULT NULL,
  `resource_capture_datasets` varchar(255) DEFAULT '',
  `calibration_object_used` varchar(255) DEFAULT '',
  `directory_path` varchar(8000) CHARACTER SET utf8 COLLATE utf8_unicode_ci DEFAULT NULL,
  `api_access_uv_map_size_id` int(11) DEFAULT NULL,
  `api_access_model_face_count_id` int(11) DEFAULT NULL,
  `api_published` int(11) DEFAULT NULL,
  `api_discoverable` int(11) DEFAULT NULL,
  `file_path` varchar(8000) CHARACTER SET utf8 COLLATE utf8_unicode_ci DEFAULT NULL,
  `file_checksum` varchar(1000) CHARACTER SET utf8 COLLATE utf8_unicode_ci DEFAULT NULL,
  `date_created` datetime NOT NULL,
  `created_by_user_account_id` int(11) NOT NULL,
  `last_modified` timestamp NOT NULL DEFAULT CURRENT_TIMESTAMP ON UPDATE CURRENT_TIMESTAMP,
  `last_modified_user_account_id` int(11) NOT NULL,
  `active` tinyint(1) NOT NULL DEFAULT '1',
  `workflow_id` int(11) DEFAULT NULL,
  `workflow_processing_step` varchar(255) CHARACTER SET utf8 COLLATE utf8_unicode_ci DEFAULT NULL,
  `workflow_status` varchar(100) DEFAULT NULL,
  `workflow_status_detail` varchar(1000) DEFAULT NULL,
  `file_package_id` int(11) DEFAULT NULL,
  PRIMARY KEY (`capture_dataset_id`),
  KEY `created_by_user_account_id` (`created_by_user_account_id`),
  KEY `last_modified_user_account_id` (`last_modified_user_account_id`)
) ENGINE=InnoDB DEFAULT CHARSET=utf8 COMMENT='This table stores dataset metadata';

DROP TABLE IF EXISTS `capture_dataset_match`;
CREATE TABLE `capture_dataset_match` (
  `capture_dataset_match_id` int(11) NOT NULL AUTO_INCREMENT,
  `capture_dataset_id` int(11) NOT NULL,
  `match_capture_dataset_id` int(11) NOT NULL,
  `date_created` datetime NOT NULL,
  `created_by_user_account_id` int(11) NOT NULL,
  `last_modified` timestamp NOT NULL DEFAULT CURRENT_TIMESTAMP ON UPDATE CURRENT_TIMESTAMP,
  `last_modified_user_account_id` int(11) NOT NULL,
  `active` tinyint(1) NOT NULL DEFAULT '1',
  PRIMARY KEY (`capture_dataset_match_id`)
) ENGINE=InnoDB DEFAULT CHARSET=utf8;

DROP TABLE IF EXISTS `capture_dataset_model`;
CREATE TABLE `capture_dataset_model` (
  `capture_dataset_model_id` int(11) unsigned NOT NULL AUTO_INCREMENT,
  `capture_dataset_id` int(11) NOT NULL,
  `model_id` int(11) NOT NULL,
  `date_created` datetime NOT NULL,
  `created_by_user_account_id` int(11) NOT NULL,
  `last_modified` timestamp NOT NULL DEFAULT CURRENT_TIMESTAMP ON UPDATE CURRENT_TIMESTAMP,
  `last_modified_user_account_id` int(11) NOT NULL,
  `active` tinyint(1) NOT NULL DEFAULT '1',
  PRIMARY KEY (`capture_dataset_model_id`),
  KEY `created_by_user_account_id` (`created_by_user_account_id`),
  KEY `last_modified_user_account_id` (`last_modified_user_account_id`)
) ENGINE=InnoDB DEFAULT CHARSET=utf8;

DROP TABLE IF EXISTS `capture_dataset_model_purpose`;
CREATE TABLE `capture_dataset_model_purpose` (
  `capture_dataset_model_purpose_id` int(11) NOT NULL AUTO_INCREMENT,
  `model_purpose_id` int(11) NOT NULL,
  `capture_dataset_id` int(11) NOT NULL,
  `api_access` int(11) DEFAULT NULL,
  `date_created` datetime NOT NULL DEFAULT CURRENT_TIMESTAMP,
  `created_by_user_account_id` int(11) NOT NULL,
  `last_modified` timestamp NOT NULL DEFAULT CURRENT_TIMESTAMP ON UPDATE CURRENT_TIMESTAMP,
  `last_modified_user_account_id` int(11) NOT NULL,
  `active` tinyint(1) NOT NULL DEFAULT '1',
  PRIMARY KEY (`capture_dataset_model_purpose_id`),
  KEY `created_by_user_account_id` (`created_by_user_account_id`),
  KEY `last_modified_user_account_id` (`last_modified_user_account_id`)
) ENGINE=InnoDB DEFAULT CHARSET=utf8;

DROP TABLE IF EXISTS `capture_dataset_rights`;
CREATE TABLE `capture_dataset_rights` (
  `capture_dataset_rights_id` int(11) NOT NULL AUTO_INCREMENT,
  `capture_dataset_id` int(11) NOT NULL,
  `data_rights_restriction` varchar(255) DEFAULT NULL,
  `start_date` datetime DEFAULT NULL,
  `end_date` datetime DEFAULT NULL,
  `date_created` datetime NOT NULL,
  `created_by_user_account_id` int(11) NOT NULL,
  `last_modified` timestamp NOT NULL DEFAULT CURRENT_TIMESTAMP ON UPDATE CURRENT_TIMESTAMP,
  `last_modified_user_account_id` int(11) NOT NULL,
  `active` tinyint(1) NOT NULL DEFAULT '1',
  PRIMARY KEY (`capture_dataset_rights_id`),
  KEY `created_by_user_account_id` (`created_by_user_account_id`),
  KEY `last_modified_user_account_id` (`last_modified_user_account_id`)
) ENGINE=InnoDB DEFAULT CHARSET=utf8 COMMENT='This table stores capture_dataset_rights metadata';

DROP TABLE IF EXISTS `capture_device`;
CREATE TABLE `capture_device` (
  `capture_device_id` int(11) NOT NULL AUTO_INCREMENT,
  `capture_data_element_id` int(11) NOT NULL,
  `capture_device_component_ids` varchar(255) DEFAULT NULL,
  `calibration_file` varchar(255) DEFAULT NULL,
  `date_created` datetime NOT NULL,
  `created_by_user_account_id` int(11) NOT NULL,
  `last_modified` timestamp NOT NULL DEFAULT CURRENT_TIMESTAMP ON UPDATE CURRENT_TIMESTAMP,
  `last_modified_user_account_id` int(11) NOT NULL,
  `active` tinyint(1) NOT NULL DEFAULT '1',
  PRIMARY KEY (`capture_device_id`),
  KEY `created_by_user_account_id` (`created_by_user_account_id`),
  KEY `last_modified_user_account_id` (`last_modified_user_account_id`)
) ENGINE=InnoDB DEFAULT CHARSET=utf8 COMMENT='This table stores capture_device metadata';

DROP TABLE IF EXISTS `capture_device_component`;
CREATE TABLE `capture_device_component` (
  `capture_device_component_id` int(11) NOT NULL AUTO_INCREMENT,
  `capture_device_id` int(11) NOT NULL,
  `serial_number` varchar(255) DEFAULT NULL,
  `capture_device_component_type` varchar(255) DEFAULT NULL,
  `manufacturer` varchar(255) DEFAULT NULL,
  `model_name` varchar(255) DEFAULT NULL,
  `date_created` datetime NOT NULL,
  `created_by_user_account_id` int(11) NOT NULL,
  `last_modified` timestamp NOT NULL DEFAULT CURRENT_TIMESTAMP ON UPDATE CURRENT_TIMESTAMP,
  `last_modified_user_account_id` int(11) NOT NULL,
  `active` tinyint(1) NOT NULL DEFAULT '1',
  PRIMARY KEY (`capture_device_component_id`),
  KEY `created_by_user_account_id` (`created_by_user_account_id`),
  KEY `last_modified_user_account_id` (`last_modified_user_account_id`)
) ENGINE=InnoDB DEFAULT CHARSET=utf8 COMMENT='This table stores capture_device_component metadata';

DROP TABLE IF EXISTS `capture_method`;
CREATE TABLE `capture_method` (
  `capture_method_id` int(11) NOT NULL AUTO_INCREMENT,
  `label` varchar(255) NOT NULL DEFAULT '',
  `date_created` datetime NOT NULL,
  `created_by_user_account_id` int(11) NOT NULL,
  `last_modified` timestamp NOT NULL DEFAULT CURRENT_TIMESTAMP ON UPDATE CURRENT_TIMESTAMP,
  `last_modified_user_account_id` int(11) NOT NULL,
  `active` tinyint(1) NOT NULL DEFAULT '1',
  PRIMARY KEY (`capture_method_id`),
  KEY `created_by_user_account_id` (`created_by_user_account_id`),
  KEY `last_modified_user_account_id` (`last_modified_user_account_id`)
) ENGINE=InnoDB DEFAULT CHARSET=utf8 COMMENT='This table stores capture_methods metadata';

DROP TABLE IF EXISTS `data_rights_restriction_type`;
CREATE TABLE `data_rights_restriction_type` (
  `data_rights_restriction_type_id` int(11) NOT NULL AUTO_INCREMENT,
  `label` varchar(255) NOT NULL DEFAULT '',
  `date_created` datetime NOT NULL,
  `created_by_user_account_id` int(11) NOT NULL,
  `last_modified` timestamp NOT NULL DEFAULT CURRENT_TIMESTAMP ON UPDATE CURRENT_TIMESTAMP,
  `last_modified_user_account_id` int(11) NOT NULL,
  `active` tinyint(1) NOT NULL DEFAULT '1',
  PRIMARY KEY (`data_rights_restriction_type_id`),
  KEY `created_by_user_account_id` (`created_by_user_account_id`),
  KEY `last_modified_user_account_id` (`last_modified_user_account_id`)
) ENGINE=InnoDB DEFAULT CHARSET=utf8 COMMENT='This table stores data_rights_restriction_types metadata';

DROP TABLE IF EXISTS `dataset_type`;
CREATE TABLE `dataset_type` (
  `dataset_type_id` int(11) NOT NULL AUTO_INCREMENT,
  `label` varchar(255) NOT NULL DEFAULT '',
  `date_created` datetime NOT NULL,
  `created_by_user_account_id` int(11) NOT NULL,
  `last_modified` timestamp NOT NULL DEFAULT CURRENT_TIMESTAMP ON UPDATE CURRENT_TIMESTAMP,
  `last_modified_user_account_id` int(11) NOT NULL,
  `active` tinyint(1) NOT NULL DEFAULT '1',
  PRIMARY KEY (`dataset_type_id`),
  KEY `created_by_user_account_id` (`created_by_user_account_id`),
  KEY `last_modified_user_account_id` (`last_modified_user_account_id`)
) ENGINE=InnoDB DEFAULT CHARSET=utf8 COMMENT='This table stores dataset_type metadata';

DROP TABLE IF EXISTS `favorite`;
CREATE TABLE `favorite` (
  `id` int(11) unsigned NOT NULL AUTO_INCREMENT,
  `fos_user_id` int(11) NOT NULL,
  `path` text NOT NULL,
  `page_title` varchar(255) NOT NULL DEFAULT '',
  `date_created` datetime DEFAULT NULL,
  PRIMARY KEY (`id`)
) ENGINE=InnoDB DEFAULT CHARSET=utf8;

DROP TABLE IF EXISTS `file_package`;
CREATE TABLE `file_package` (
  `file_package_id` int(11) NOT NULL AUTO_INCREMENT,
  `package_path` varchar(4000) COLLATE utf8_unicode_ci NOT NULL,
  `manifest_contents` mediumint(9) DEFAULT NULL,
  `tagmanifest_contents` varchar(8000) COLLATE utf8_unicode_ci DEFAULT NULL,
  `tagmanifest_hash` varchar(1000) COLLATE utf8_unicode_ci DEFAULT NULL,
  `date_created` datetime NOT NULL,
  `created_by_user_account_id` int(11) NOT NULL,
  `last_modified` timestamp NOT NULL DEFAULT CURRENT_TIMESTAMP ON UPDATE CURRENT_TIMESTAMP,
  `last_modified_user_account_id` int(11) NOT NULL,
  `active` tinyint(1) NOT NULL DEFAULT '1',
  PRIMARY KEY (`file_package_id`)
) ENGINE=InnoDB DEFAULT CHARSET=utf8 COLLATE=utf8_unicode_ci;

DROP TABLE IF EXISTS `file_upload`;
CREATE TABLE `file_upload` (
  `file_upload_id` int(11) unsigned NOT NULL AUTO_INCREMENT,
  `job_id` varchar(255) COLLATE utf8_unicode_ci NOT NULL DEFAULT '',
  `parent_record_id` int(11) DEFAULT NULL,
  `parent_record_type` varchar(100) COLLATE utf8_unicode_ci DEFAULT '',
  `file_name` varchar(255) COLLATE utf8_unicode_ci NOT NULL,
  `file_path` varchar(255) COLLATE utf8_unicode_ci NOT NULL DEFAULT '',
  `file_size` varchar(20) COLLATE utf8_unicode_ci DEFAULT NULL,
  `file_type` varchar(100) COLLATE utf8_unicode_ci DEFAULT NULL,
  `file_hash` varchar(100) COLLATE utf8_unicode_ci DEFAULT NULL,
  `metadata` varchar(8000) COLLATE utf8_unicode_ci DEFAULT NULL,
  `date_created` datetime NOT NULL DEFAULT CURRENT_TIMESTAMP,
  `created_by_user_account_id` int(11) NOT NULL,
  `last_modified` timestamp NOT NULL DEFAULT CURRENT_TIMESTAMP ON UPDATE CURRENT_TIMESTAMP,
  `last_modified_user_account_id` int(11) NOT NULL,
  `active` tinyint(1) NOT NULL DEFAULT '1',
  PRIMARY KEY (`file_upload_id`)
) ENGINE=InnoDB DEFAULT CHARSET=utf8 COLLATE=utf8_unicode_ci;

DROP TABLE IF EXISTS `focus_type`;
CREATE TABLE `focus_type` (
  `focus_type_id` int(11) NOT NULL AUTO_INCREMENT,
  `label` varchar(255) NOT NULL DEFAULT '',
  `date_created` datetime NOT NULL,
  `created_by_user_account_id` int(11) NOT NULL,
  `last_modified` timestamp NOT NULL DEFAULT CURRENT_TIMESTAMP ON UPDATE CURRENT_TIMESTAMP,
  `last_modified_user_account_id` int(11) NOT NULL,
  `active` tinyint(1) NOT NULL DEFAULT '1',
  PRIMARY KEY (`focus_type_id`),
  KEY `created_by_user_account_id` (`created_by_user_account_id`),
  KEY `last_modified_user_account_id` (`last_modified_user_account_id`)
) ENGINE=InnoDB DEFAULT CHARSET=utf8 COMMENT='This table stores focus_types metadata';

DROP TABLE IF EXISTS `fos_user`;
CREATE TABLE `fos_user` (
  `id` int(11) NOT NULL AUTO_INCREMENT,
  `username` varchar(180) COLLATE utf8_unicode_ci NOT NULL,
  `username_canonical` varchar(180) COLLATE utf8_unicode_ci NOT NULL,
  `email` varchar(180) COLLATE utf8_unicode_ci NOT NULL,
  `email_canonical` varchar(180) COLLATE utf8_unicode_ci NOT NULL,
  `enabled` tinyint(1) NOT NULL,
  `salt` varchar(255) COLLATE utf8_unicode_ci DEFAULT NULL,
  `password` varchar(255) COLLATE utf8_unicode_ci NOT NULL,
  `last_login` datetime DEFAULT NULL,
  `confirmation_token` varchar(180) COLLATE utf8_unicode_ci DEFAULT NULL,
  `password_requested_at` datetime DEFAULT NULL,
  `roles` longtext COLLATE utf8_unicode_ci NOT NULL COMMENT '(DC2Type:array)',
  `dn` varchar(255) COLLATE utf8_unicode_ci DEFAULT '',
  PRIMARY KEY (`id`),
  UNIQUE KEY `UNIQ_957A647992FC23A8` (`username_canonical`),
  UNIQUE KEY `UNIQ_957A6479A0D96FBF` (`email_canonical`),
  UNIQUE KEY `UNIQ_957A6479C05FB297` (`confirmation_token`)
) ENGINE=InnoDB DEFAULT CHARSET=utf8 COLLATE=utf8_unicode_ci;

DROP TABLE IF EXISTS `isni_data`;
CREATE TABLE `isni_data` (
  `isni_id` varchar(255) NOT NULL DEFAULT '',
  `isni_label` varchar(255) NOT NULL DEFAULT '',
  `date_created` datetime NOT NULL,
  `created_by_user_account_id` int(11) NOT NULL,
  `last_modified` timestamp NOT NULL DEFAULT CURRENT_TIMESTAMP ON UPDATE CURRENT_TIMESTAMP,
  `last_modified_user_account_id` int(11) NOT NULL,
  `active` tinyint(1) NOT NULL DEFAULT '1',
  PRIMARY KEY (`isni_id`),
  KEY `created_by_user_account_id` (`created_by_user_account_id`),
  KEY `last_modified_user_account_id` (`last_modified_user_account_id`)
) ENGINE=InnoDB DEFAULT CHARSET=utf8 COMMENT='This table stores ISNI metadata';

DROP TABLE IF EXISTS `item`;
CREATE TABLE `item` (
  `item_id` int(11) unsigned NOT NULL AUTO_INCREMENT,
  `project_id` int(11) DEFAULT NULL,
  `subject_id` int(11) NOT NULL,
  `local_item_id` varchar(255) DEFAULT '',
  `item_guid` varchar(255) DEFAULT '',
  `item_description` mediumtext,
  `item_type` varchar(255) DEFAULT NULL,
  `api_access_uv_map_size_id` int(11) DEFAULT NULL,
  `api_access_model_face_count_id` int(11) DEFAULT NULL,
  `api_published` int(11) DEFAULT NULL,
  `api_discoverable` int(11) DEFAULT NULL,
  `date_created` datetime NOT NULL,
  `created_by_user_account_id` int(11) NOT NULL,
  `last_modified` timestamp NOT NULL DEFAULT CURRENT_TIMESTAMP ON UPDATE CURRENT_TIMESTAMP,
  `last_modified_user_account_id` int(11) NOT NULL,
  `active` tinyint(1) NOT NULL DEFAULT '1',
  PRIMARY KEY (`item_id`),
  KEY `created_by_user_account_id` (`created_by_user_account_id`),
  KEY `last_modified_user_account_id` (`last_modified_user_account_id`)
) ENGINE=InnoDB DEFAULT CHARSET=utf8 COMMENT='This table stores item metadata';

DROP TABLE IF EXISTS `item_model_purpose`;
CREATE TABLE `item_model_purpose` (
  `item_model_purpose_id` int(11) NOT NULL AUTO_INCREMENT,
  `model_purpose_id` int(11) NOT NULL,
  `item_id` int(11) NOT NULL,
  `api_access` int(11) DEFAULT NULL,
  `date_created` datetime NOT NULL DEFAULT CURRENT_TIMESTAMP,
  `created_by_user_account_id` int(11) NOT NULL,
  `last_modified` timestamp NOT NULL DEFAULT CURRENT_TIMESTAMP ON UPDATE CURRENT_TIMESTAMP,
  `last_modified_user_account_id` int(11) NOT NULL,
  `active` tinyint(1) NOT NULL DEFAULT '1',
  PRIMARY KEY (`item_model_purpose_id`),
  KEY `created_by_user_account_id` (`created_by_user_account_id`),
  KEY `last_modified_user_account_id` (`last_modified_user_account_id`)
) ENGINE=InnoDB DEFAULT CHARSET=utf8;

DROP TABLE IF EXISTS `item_position_type`;
CREATE TABLE `item_position_type` (
  `item_position_type_id` int(11) NOT NULL AUTO_INCREMENT,
  `label` varchar(255) NOT NULL DEFAULT '',
  `label_alias` varchar(255) NOT NULL DEFAULT '',
  `label_alias_` varchar(255) NOT NULL DEFAULT '',
  `date_created` datetime NOT NULL,
  `created_by_user_account_id` int(11) NOT NULL,
  `last_modified` timestamp NOT NULL DEFAULT CURRENT_TIMESTAMP ON UPDATE CURRENT_TIMESTAMP,
  `last_modified_user_account_id` int(11) NOT NULL,
  `active` tinyint(1) NOT NULL DEFAULT '1',
  PRIMARY KEY (`item_position_type_id`),
  KEY `created_by_user_account_id` (`created_by_user_account_id`),
  KEY `last_modified_user_account_id` (`last_modified_user_account_id`)
) ENGINE=InnoDB DEFAULT CHARSET=utf8 COMMENT='This table stores item_position_types metadata';

DROP TABLE IF EXISTS `item_type`;
CREATE TABLE `item_type` (
  `item_type_id` int(11) NOT NULL AUTO_INCREMENT,
  `label` varchar(255) NOT NULL DEFAULT '',
  `date_created` datetime NOT NULL,
  `created_by_user_account_id` int(11) NOT NULL,
  `last_modified` timestamp NOT NULL DEFAULT CURRENT_TIMESTAMP ON UPDATE CURRENT_TIMESTAMP,
  `last_modified_user_account_id` int(11) NOT NULL,
  `active` tinyint(1) NOT NULL DEFAULT '1',
  PRIMARY KEY (`item_type_id`),
  KEY `created_by_user_account_id` (`created_by_user_account_id`),
  KEY `last_modified_user_account_id` (`last_modified_user_account_id`)
) ENGINE=InnoDB DEFAULT CHARSET=utf8 COMMENT='This table stores subject_types metadata';

DROP TABLE IF EXISTS `job`;
CREATE TABLE `job` (
  `job_id` int(11) unsigned NOT NULL AUTO_INCREMENT,
  `uuid_` varchar(32) COLLATE utf8_unicode_ci NOT NULL DEFAULT '',
  `uuid` varchar(50) COLLATE utf8_unicode_ci NOT NULL DEFAULT '',
  `project_id` int(11) NOT NULL,
  `job_label` varchar(255) COLLATE utf8_unicode_ci NOT NULL,
  `job_type` varchar(255) COLLATE utf8_unicode_ci NOT NULL,
  `job_status` varchar(255) COLLATE utf8_unicode_ci NOT NULL,
  `created_by_user_account_id` int(11) NOT NULL,
  `date_created` timestamp NOT NULL DEFAULT CURRENT_TIMESTAMP,
  `date_completed` timestamp NULL DEFAULT NULL,
  `qa_required` int(11) NOT NULL DEFAULT '0',
  `qa_approved_time` timestamp NULL DEFAULT NULL,
  PRIMARY KEY (`job_id`)
) ENGINE=InnoDB DEFAULT CHARSET=utf8 COLLATE=utf8_unicode_ci;

DROP TABLE IF EXISTS `job_import_record`;
CREATE TABLE `job_import_record` (
  `job_import_record_id` int(11) unsigned NOT NULL AUTO_INCREMENT,
  `project_id` int(11) DEFAULT NULL,
  `job_id` int(11) NOT NULL,
  `record_id` int(11) NOT NULL,
  `record_table` varchar(255) COLLATE utf8_unicode_ci NOT NULL DEFAULT '',
  `description` varchar(800) COLLATE utf8_unicode_ci DEFAULT NULL,
  `date_created` timestamp NOT NULL DEFAULT CURRENT_TIMESTAMP,
  `created_by_user_account_id` int(11) NOT NULL,
  PRIMARY KEY (`job_import_record_id`)
) ENGINE=InnoDB DEFAULT CHARSET=utf8 COLLATE=utf8_unicode_ci;

DROP TABLE IF EXISTS `job_log`;
CREATE TABLE `job_log` (
  `job_log_id` int(11) unsigned NOT NULL AUTO_INCREMENT,
  `job_id` int(11) NOT NULL,
  `job_log_status` varchar(255) COLLATE utf8_unicode_ci NOT NULL,
  `job_log_label` varchar(255) COLLATE utf8_unicode_ci NOT NULL,
  `job_log_description` varchar(800) COLLATE utf8_unicode_ci NOT NULL,
  `date_created` timestamp NOT NULL DEFAULT CURRENT_TIMESTAMP,
  PRIMARY KEY (`job_log_id`)
) ENGINE=InnoDB DEFAULT CHARSET=utf8 COLLATE=utf8_unicode_ci;

DROP TABLE IF EXISTS `light_source_type`;
CREATE TABLE `light_source_type` (
  `light_source_type_id` int(11) NOT NULL AUTO_INCREMENT,
  `label` varchar(255) NOT NULL DEFAULT '',
  `date_created` datetime NOT NULL,
  `created_by_user_account_id` int(11) NOT NULL,
  `last_modified` timestamp NOT NULL DEFAULT CURRENT_TIMESTAMP ON UPDATE CURRENT_TIMESTAMP,
  `last_modified_user_account_id` int(11) NOT NULL,
  `active` tinyint(1) NOT NULL DEFAULT '1',
  PRIMARY KEY (`light_source_type_id`),
  KEY `created_by_user_account_id` (`created_by_user_account_id`),
  KEY `last_modified_user_account_id` (`last_modified_user_account_id`)
) ENGINE=InnoDB DEFAULT CHARSET=utf8 COMMENT='This table stores light_source_types metadata';

DROP TABLE IF EXISTS `model`;
CREATE TABLE `model` (
  `model_id` int(11) unsigned NOT NULL AUTO_INCREMENT,
  `capture_dataset_id` int(11) DEFAULT NULL,
  `item_id` int(11) DEFAULT NULL,
  `model_guid` varchar(255) DEFAULT NULL,
  `date_of_creation` datetime DEFAULT NULL,
  `model_file_type` varchar(255) DEFAULT NULL,
  `derived_from` varchar(255) DEFAULT NULL,
  `creation_method` varchar(255) DEFAULT NULL,
  `model_modality` varchar(255) DEFAULT NULL,
  `units` varchar(255) DEFAULT NULL,
  `is_watertight` tinyint(1) DEFAULT NULL,
  `model_purpose` varchar(255) DEFAULT NULL,
  `model_purpose_id` int(11) DEFAULT NULL,
  `point_count` varchar(255) DEFAULT NULL,
  `has_normals` tinyint(1) NOT NULL DEFAULT '0',
  `face_count` varchar(255) DEFAULT NULL,
  `model_face_count_id` int(11) DEFAULT NULL,
  `vertices_count` varchar(255) DEFAULT NULL,
  `has_vertex_color` tinyint(1) DEFAULT NULL,
  `has_uv_space` tinyint(1) DEFAULT NULL,
  `model_maps` varchar(255) DEFAULT NULL,
  `api_published` int(11) DEFAULT NULL,
  `api_discoverable` int(11) DEFAULT NULL,
  `file_path` varchar(8000) CHARACTER SET utf8 COLLATE utf8_unicode_ci DEFAULT NULL,
  `file_checksum` varchar(1000) CHARACTER SET utf8 COLLATE utf8_unicode_ci DEFAULT NULL,
  `date_created` datetime NOT NULL DEFAULT CURRENT_TIMESTAMP,
  `created_by_user_account_id` int(11) NOT NULL,
  `last_modified` timestamp NOT NULL DEFAULT CURRENT_TIMESTAMP ON UPDATE CURRENT_TIMESTAMP,
  `last_modified_user_account_id` int(11) NOT NULL,
  `active` tinyint(1) NOT NULL DEFAULT '1',
  `workflow_id` int(11) DEFAULT NULL,
  `workflow_processing_step` varchar(255) CHARACTER SET utf8 COLLATE utf8_unicode_ci DEFAULT NULL,
  `workflow_status` varchar(100) DEFAULT NULL,
  `workflow_status_detail` varchar(1000) DEFAULT NULL,
  `file_package_id` int(11) DEFAULT NULL,
  `parent_model_id` int(11) DEFAULT NULL,
  PRIMARY KEY (`model_id`),
  KEY `created_by_user_account_id` (`created_by_user_account_id`),
  KEY `last_modified_user_account_id` (`last_modified_user_account_id`)
) ENGINE=InnoDB DEFAULT CHARSET=utf8 COMMENT='This table stores model metadata';

DROP TABLE IF EXISTS `model_face_count`;
CREATE TABLE `model_face_count` (
  `model_face_count_id` int(11) NOT NULL AUTO_INCREMENT,
  `model_face_count` varchar(100) NOT NULL,
  `date_created` datetime NOT NULL DEFAULT CURRENT_TIMESTAMP,
  `created_by_user_account_id` int(11) NOT NULL,
  `last_modified` timestamp NOT NULL DEFAULT CURRENT_TIMESTAMP ON UPDATE CURRENT_TIMESTAMP,
  `last_modified_user_account_id` int(11) NOT NULL,
  `active` tinyint(1) NOT NULL DEFAULT '1',
  PRIMARY KEY (`model_face_count_id`),
  KEY `created_by_user_account_id` (`created_by_user_account_id`),
  KEY `last_modified_user_account_id` (`last_modified_user_account_id`)
) ENGINE=InnoDB DEFAULT CHARSET=utf8;

DROP TABLE IF EXISTS `model_file`;
CREATE TABLE `model_file` (
  `model_file_id` int(11) unsigned NOT NULL AUTO_INCREMENT,
  `model_id` int(11) NOT NULL,
  `file_upload_id` int(11) NOT NULL,
  `date_created` datetime NOT NULL DEFAULT CURRENT_TIMESTAMP,
  `created_by_user_account_id` int(11) NOT NULL,
  `last_modified` timestamp NOT NULL DEFAULT CURRENT_TIMESTAMP ON UPDATE CURRENT_TIMESTAMP,
  `last_modified_user_account_id` int(11) NOT NULL,
  `active` tinyint(1) NOT NULL DEFAULT '1',
  PRIMARY KEY (`model_file_id`),
  KEY `created_by_user_account_id` (`created_by_user_account_id`),
  KEY `last_modified_user_account_id` (`last_modified_user_account_id`)
) ENGINE=InnoDB DEFAULT CHARSET=utf8 COMMENT='This table stores model_file metadata';

DROP TABLE IF EXISTS `model_purpose`;
CREATE TABLE `model_purpose` (
  `model_purpose_id` int(11) NOT NULL AUTO_INCREMENT,
  `model_purpose` varchar(100) NOT NULL,
  `model_purpose_description` varchar(100) NOT NULL,
  `date_created` datetime NOT NULL DEFAULT CURRENT_TIMESTAMP,
  `created_by_user_account_id` int(11) NOT NULL,
  `last_modified` timestamp NOT NULL DEFAULT CURRENT_TIMESTAMP ON UPDATE CURRENT_TIMESTAMP,
  `last_modified_user_account_id` int(11) NOT NULL,
  `active` tinyint(1) NOT NULL DEFAULT '1',
  PRIMARY KEY (`model_purpose_id`),
  KEY `created_by_user_account_id` (`created_by_user_account_id`),
  KEY `last_modified_user_account_id` (`last_modified_user_account_id`)
) ENGINE=InnoDB DEFAULT CHARSET=utf8;

DROP TABLE IF EXISTS `permission`;
CREATE TABLE `permission` (
  `permission_id` int(11) NOT NULL AUTO_INCREMENT,
  `permission_name` varchar(255) COLLATE utf8_unicode_ci DEFAULT NULL,
  `permission_detail` varchar(2000) COLLATE utf8_unicode_ci DEFAULT NULL,
  `permission_group` varchar(80) COLLATE utf8_unicode_ci DEFAULT 'general',
  `route_name` varchar(255) COLLATE utf8_unicode_ci DEFAULT NULL,
  `date_created` datetime NOT NULL,
  `created_by_user_account_id` int(11) NOT NULL,
  `last_modified` timestamp NOT NULL DEFAULT CURRENT_TIMESTAMP ON UPDATE CURRENT_TIMESTAMP,
  `last_modified_user_account_id` int(11) NOT NULL,
  `active` tinyint(1) NOT NULL DEFAULT '1',
  PRIMARY KEY (`permission_id`),
  KEY `created_by_user_account_id` (`created_by_user_account_id`),
  KEY `last_modified_user_account_id` (`last_modified_user_account_id`)
) ENGINE=InnoDB DEFAULT CHARSET=utf8 COLLATE=utf8_unicode_ci;

DROP TABLE IF EXISTS `photogrammetry_scale_bar`;
CREATE TABLE `photogrammetry_scale_bar` (
  `photogrammetry_scale_bar_id` int(11) NOT NULL AUTO_INCREMENT,
  `capture_dataset_id` int(11) NOT NULL,
  `scale_bar_id` varchar(255) DEFAULT NULL,
  `scale_bar_manufacturer` varchar(255) DEFAULT NULL,
  `scale_bar_barcode_type` varchar(255) DEFAULT NULL,
  `scale_bar_target_pairs` varchar(255) DEFAULT NULL,
  `date_created` datetime NOT NULL,
  `created_by_user_account_id` int(11) NOT NULL,
  `last_modified` timestamp NOT NULL DEFAULT CURRENT_TIMESTAMP ON UPDATE CURRENT_TIMESTAMP,
  `last_modified_user_account_id` int(11) NOT NULL,
  `active` tinyint(1) NOT NULL DEFAULT '1',
  PRIMARY KEY (`photogrammetry_scale_bar_id`),
  KEY `created_by_user_account_id` (`created_by_user_account_id`),
  KEY `last_modified_user_account_id` (`last_modified_user_account_id`)
) ENGINE=InnoDB DEFAULT CHARSET=utf8 COMMENT='This table stores photogrammetry_scale_bar metadata';

DROP TABLE IF EXISTS `photogrammetry_scale_bar_target_pair`;
CREATE TABLE `photogrammetry_scale_bar_target_pair` (
  `photogrammetry_scale_bar_target_pair_id` int(11) NOT NULL AUTO_INCREMENT,
  `photogrammetry_scale_bar_id` int(11) DEFAULT NULL,
  `target_type` varchar(255) DEFAULT NULL,
  `target_pair_1_of_2` varchar(255) DEFAULT NULL,
  `target_pair_2_of_2` varchar(255) DEFAULT NULL,
  `distance` varchar(255) DEFAULT NULL,
  `units` varchar(255) DEFAULT NULL,
  `date_created` datetime NOT NULL,
  `created_by_user_account_id` int(11) NOT NULL,
  `last_modified` timestamp NOT NULL DEFAULT CURRENT_TIMESTAMP ON UPDATE CURRENT_TIMESTAMP,
  `last_modified_user_account_id` int(11) NOT NULL,
  `active` tinyint(1) NOT NULL DEFAULT '1',
  PRIMARY KEY (`photogrammetry_scale_bar_target_pair_id`),
  KEY `created_by_user_account_id` (`created_by_user_account_id`),
  KEY `last_modified_user_account_id` (`last_modified_user_account_id`)
) ENGINE=InnoDB DEFAULT CHARSET=utf8 COMMENT='This table stores photogrammetry_scale_bar_target_pair metadata';

DROP TABLE IF EXISTS `processing_action`;
CREATE TABLE `processing_action` (
  `processing_action_id` int(11) NOT NULL AUTO_INCREMENT,
  `model_id` int(11) DEFAULT NULL,
  `preceding_processing_action_id` int(11) DEFAULT NULL,
  `date_of_action` datetime DEFAULT NULL,
  `action_method` varchar(255) DEFAULT NULL,
  `software_used` varchar(255) DEFAULT NULL,
  `action_description` mediumtext,
  `date_created` datetime NOT NULL,
  `created_by_user_account_id` int(11) NOT NULL,
  `last_modified` timestamp NOT NULL DEFAULT CURRENT_TIMESTAMP ON UPDATE CURRENT_TIMESTAMP,
  `last_modified_user_account_id` int(11) NOT NULL,
  `active` tinyint(1) NOT NULL DEFAULT '1',
  PRIMARY KEY (`processing_action_id`),
  KEY `created_by_user_account_id` (`created_by_user_account_id`),
  KEY `last_modified_user_account_id` (`last_modified_user_account_id`)
) ENGINE=InnoDB DEFAULT CHARSET=utf8 COMMENT='This table stores processing_action metadata';

DROP TABLE IF EXISTS `processing_job`;
CREATE TABLE `processing_job` (
  `processing_job_id` int(11) unsigned NOT NULL AUTO_INCREMENT,
  `parent_record_id` int(11) DEFAULT NULL,
  `parent_record_type` varchar(30) DEFAULT '',
  `ingest_job_uuid` varchar(50) NOT NULL DEFAULT '',
  `processing_service_job_id` varchar(50) NOT NULL DEFAULT '',
  `recipe` varchar(50) NOT NULL DEFAULT '',
  `job_json` text NOT NULL,
  `state` varchar(20) DEFAULT NULL,
  `asset_path` varchar(300) NOT NULL DEFAULT '',
  `date_created` datetime DEFAULT NULL,
  `created_by_user_account_id` int(11) NOT NULL,
  `last_modified` timestamp NOT NULL DEFAULT CURRENT_TIMESTAMP,
  `last_modified_user_account_id` int(11) NOT NULL,
  PRIMARY KEY (`processing_job_id`),
  KEY `job_id` (`processing_service_job_id`)
) ENGINE=InnoDB DEFAULT CHARSET=utf8;

DROP TABLE IF EXISTS `processing_job_file`;
CREATE TABLE `processing_job_file` (
  `processing_job_assets_id` int(11) unsigned NOT NULL AUTO_INCREMENT,
  `job_id` varchar(50) NOT NULL DEFAULT '',
  `file_name` varchar(255) DEFAULT NULL,
  `file_contents` text,
  `date_created` datetime DEFAULT NULL,
  `created_by_user_account_id` int(11) NOT NULL,
  `last_modified` timestamp NOT NULL DEFAULT CURRENT_TIMESTAMP,
  `last_modified_user_account_id` int(11) NOT NULL,
  PRIMARY KEY (`processing_job_assets_id`)
) ENGINE=InnoDB DEFAULT CHARSET=utf8;

DROP TABLE IF EXISTS `project`;
CREATE TABLE `project` (
  `project_id` int(11) NOT NULL AUTO_INCREMENT,
  `unit_stakeholder_id` int(11) DEFAULT NULL,
  `project_name` varchar(255) DEFAULT '',
  `project_description` text,
  `api_published` int(11) DEFAULT NULL,
  `api_discoverable` int(11) DEFAULT NULL,
  `date_created` datetime NOT NULL,
  `created_by_user_account_id` int(11) NOT NULL,
  `last_modified` timestamp NOT NULL DEFAULT CURRENT_TIMESTAMP ON UPDATE CURRENT_TIMESTAMP,
  `last_modified_user_account_id` int(11) NOT NULL,
  `active` tinyint(1) NOT NULL DEFAULT '1',
  `stakeholder_guid` varchar(255) DEFAULT '',
  PRIMARY KEY (`project_id`),
  KEY `created_by_user_account_id` (`created_by_user_account_id`),
  KEY `last_modified_user_account_id` (`last_modified_user_account_id`),
  KEY `projects_label` (`project_name`)
) ENGINE=InnoDB DEFAULT CHARSET=utf8 COMMENT='This table stores project metadata';

DROP TABLE IF EXISTS `role`;
CREATE TABLE `role` (
  `role_id` int(11) NOT NULL AUTO_INCREMENT,
  `rolename_canonical` varchar(80) COLLATE utf8_unicode_ci NOT NULL,
  `rolename` varchar(255) COLLATE utf8_unicode_ci NOT NULL,
  `role_description` varchar(2000) COLLATE utf8_unicode_ci DEFAULT NULL,
  `date_created` datetime NOT NULL,
  `created_by_user_account_id` int(11) NOT NULL,
  `last_modified` timestamp NOT NULL DEFAULT CURRENT_TIMESTAMP ON UPDATE CURRENT_TIMESTAMP,
  `last_modified_user_account_id` int(11) NOT NULL,
  `active` tinyint(1) NOT NULL DEFAULT '1',
  PRIMARY KEY (`role_id`),
  KEY `created_by_user_account_id` (`created_by_user_account_id`),
  KEY `last_modified_user_account_id` (`last_modified_user_account_id`)
) ENGINE=InnoDB DEFAULT CHARSET=utf8 COLLATE=utf8_unicode_ci;

DROP TABLE IF EXISTS `role_permission`;
CREATE TABLE `role_permission` (
  `role_permission_id` int(11) NOT NULL AUTO_INCREMENT,
  `role_id` int(11) NOT NULL,
  `permission_id` int(11) NOT NULL,
  `date_created` datetime NOT NULL,
  `created_by_user_account_id` int(11) NOT NULL,
  `last_modified` timestamp NOT NULL DEFAULT CURRENT_TIMESTAMP ON UPDATE CURRENT_TIMESTAMP,
  `last_modified_user_account_id` int(11) NOT NULL,
  `active` tinyint(1) NOT NULL DEFAULT '1',
  PRIMARY KEY (`role_permission_id`),
  KEY `role_id` (`role_id`),
  KEY `permission_id` (`permission_id`),
  KEY `created_by_user_account_id` (`created_by_user_account_id`),
  KEY `last_modified_user_account_id` (`last_modified_user_account_id`)
) ENGINE=InnoDB DEFAULT CHARSET=utf8 COLLATE=utf8_unicode_ci;

DROP TABLE IF EXISTS `scale_bar_barcode_type`;
CREATE TABLE `scale_bar_barcode_type` (
  `scale_bar_barcode_type_id` int(11) NOT NULL AUTO_INCREMENT,
  `label` varchar(255) NOT NULL DEFAULT '',
  `date_created` datetime NOT NULL,
  `created_by_user_account_id` int(11) NOT NULL,
  `last_modified` timestamp NOT NULL DEFAULT CURRENT_TIMESTAMP ON UPDATE CURRENT_TIMESTAMP,
  `last_modified_user_account_id` int(11) NOT NULL,
  `active` tinyint(1) NOT NULL DEFAULT '1',
  PRIMARY KEY (`scale_bar_barcode_type_id`),
  KEY `created_by_user_account_id` (`created_by_user_account_id`),
  KEY `last_modified_user_account_id` (`last_modified_user_account_id`)
) ENGINE=InnoDB DEFAULT CHARSET=utf8 COMMENT='This table stores scale_bar_barcode_types metadata';

DROP TABLE IF EXISTS `status_type`;
CREATE TABLE `status_type` (
  `status_type_id` int(11) NOT NULL AUTO_INCREMENT,
  `label` varchar(255) NOT NULL DEFAULT '',
  `date_created` datetime NOT NULL,
  `created_by_user_account_id` int(11) NOT NULL,
  `last_modified` timestamp NOT NULL DEFAULT CURRENT_TIMESTAMP ON UPDATE CURRENT_TIMESTAMP,
  `last_modified_user_account_id` int(11) NOT NULL,
  `active` tinyint(1) NOT NULL DEFAULT '1',
  PRIMARY KEY (`status_type_id`),
  KEY `created_by_user_account_id` (`created_by_user_account_id`),
  KEY `last_modified_user_account_id` (`last_modified_user_account_id`)
) ENGINE=InnoDB DEFAULT CHARSET=utf8 COMMENT='This table stores status_type metadata';

DROP TABLE IF EXISTS `subject`;
CREATE TABLE `subject` (
  `subject_id` int(11) unsigned NOT NULL AUTO_INCREMENT,
  `local_subject_id` varchar(255) DEFAULT '',
  `subject_guid` varchar(255) DEFAULT '',
  `subject_name` varchar(255) DEFAULT '',
  `subject_display_name` varchar(255) DEFAULT NULL,
  `holding_entity_name` varchar(255) DEFAULT '',
  `holding_entity_local_id` varchar(255) DEFAULT NULL,
  `holding_entity_guid` varchar(255) DEFAULT '',
  `api_access_uv_map_size_id` int(11) DEFAULT NULL,
  `api_access_model_face_count_id` int(11) DEFAULT NULL,
  `date_created` varchar(255) NOT NULL DEFAULT '',
  `created_by_user_account_id` int(11) NOT NULL,
  `last_modified` timestamp NOT NULL DEFAULT CURRENT_TIMESTAMP ON UPDATE CURRENT_TIMESTAMP,
  `last_modified_user_account_id` int(11) NOT NULL,
  `active` tinyint(1) NOT NULL DEFAULT '1',
  PRIMARY KEY (`subject_id`),
  KEY `created_by_user_account_id` (`created_by_user_account_id`),
  KEY `last_modified_user_account_id` (`last_modified_user_account_id`),
  KEY `projects_id` (`subject_name`)
) ENGINE=InnoDB DEFAULT CHARSET=utf8 COMMENT='This table stores subject metadata';

DROP TABLE IF EXISTS `subject_model_purpose`;
CREATE TABLE `subject_model_purpose` (
  `subject_model_purpose_id` int(11) NOT NULL AUTO_INCREMENT,
  `model_purpose_id` int(11) NOT NULL,
  `subject_id` int(11) NOT NULL,
  `api_access` int(11) DEFAULT NULL,
  `date_created` datetime NOT NULL DEFAULT CURRENT_TIMESTAMP,
  `created_by_user_account_id` int(11) NOT NULL,
  `last_modified` timestamp NOT NULL DEFAULT CURRENT_TIMESTAMP ON UPDATE CURRENT_TIMESTAMP,
  `last_modified_user_account_id` int(11) NOT NULL,
  `active` tinyint(1) NOT NULL DEFAULT '1',
  PRIMARY KEY (`subject_model_purpose_id`),
  KEY `created_by_user_account_id` (`created_by_user_account_id`),
  KEY `last_modified_user_account_id` (`last_modified_user_account_id`)
) ENGINE=InnoDB DEFAULT CHARSET=utf8;

DROP TABLE IF EXISTS `subject_type`;
CREATE TABLE `subject_type` (
  `subject_type_id` int(11) NOT NULL AUTO_INCREMENT,
  `label` varchar(255) NOT NULL DEFAULT '',
  `date_created` datetime NOT NULL,
  `created_by_user_account_id` int(11) NOT NULL,
  `last_modified` timestamp NOT NULL DEFAULT CURRENT_TIMESTAMP ON UPDATE CURRENT_TIMESTAMP,
  `last_modified_user_account_id` int(11) NOT NULL,
  `active` tinyint(1) NOT NULL DEFAULT '1',
  PRIMARY KEY (`subject_type_id`),
  KEY `created_by_user_account_id` (`created_by_user_account_id`),
  KEY `last_modified_user_account_id` (`last_modified_user_account_id`)
) ENGINE=InnoDB DEFAULT CHARSET=utf8 COMMENT='This table stores subject_types metadata';

DROP TABLE IF EXISTS `target_type`;
CREATE TABLE `target_type` (
  `target_type_id` int(11) NOT NULL AUTO_INCREMENT,
  `label` varchar(255) NOT NULL DEFAULT '',
  `date_created` datetime NOT NULL,
  `created_by_user_account_id` int(11) NOT NULL,
  `last_modified` timestamp NOT NULL DEFAULT CURRENT_TIMESTAMP ON UPDATE CURRENT_TIMESTAMP,
  `last_modified_user_account_id` int(11) NOT NULL,
  `active` tinyint(1) NOT NULL DEFAULT '1',
  PRIMARY KEY (`target_type_id`),
  KEY `created_by_user_account_id` (`created_by_user_account_id`),
  KEY `last_modified_user_account_id` (`last_modified_user_account_id`)
) ENGINE=InnoDB DEFAULT CHARSET=utf8 COMMENT='This table stores target_types metadata';

DROP TABLE IF EXISTS `unit`;
CREATE TABLE `unit` (
  `unit_id` int(11) NOT NULL AUTO_INCREMENT,
  `label` varchar(255) NOT NULL DEFAULT '',
  `date_created` datetime NOT NULL,
  `created_by_user_account_id` int(11) NOT NULL,
  `last_modified` timestamp NOT NULL DEFAULT CURRENT_TIMESTAMP ON UPDATE CURRENT_TIMESTAMP,
  `last_modified_user_account_id` int(11) NOT NULL,
  `active` tinyint(1) NOT NULL DEFAULT '1',
  PRIMARY KEY (`unit_id`),
  KEY `created_by_user_account_id` (`created_by_user_account_id`),
  KEY `last_modified_user_account_id` (`last_modified_user_account_id`)
) ENGINE=InnoDB DEFAULT CHARSET=utf8 COMMENT='This table stores unit metadata';

DROP TABLE IF EXISTS `unit_stakeholder`;
CREATE TABLE `unit_stakeholder` (
  `unit_stakeholder_id` int(11) NOT NULL AUTO_INCREMENT,
  `isni_id` varchar(255) DEFAULT NULL,
  `unit_stakeholder_label` varchar(255) NOT NULL DEFAULT '',
  `unit_stakeholder_label_aliases` text,
  `unit_stakeholder_full_name` varchar(255) NOT NULL DEFAULT '',
  `unit_stakeholder_guid` varchar(255) NOT NULL DEFAULT '',
  `date_created` datetime NOT NULL,
  `created_by_user_account_id` int(11) NOT NULL,
  `last_modified` timestamp NOT NULL DEFAULT CURRENT_TIMESTAMP ON UPDATE CURRENT_TIMESTAMP,
  `last_modified_user_account_id` int(11) NOT NULL,
  `active` tinyint(1) NOT NULL DEFAULT '1',
  PRIMARY KEY (`unit_stakeholder_id`),
  KEY `created_by_user_account_id` (`created_by_user_account_id`),
  KEY `last_modified_user_account_id` (`last_modified_user_account_id`)
) ENGINE=InnoDB DEFAULT CHARSET=utf8 COMMENT='This table stores unit_stakeholder metadata';

DROP TABLE IF EXISTS `user_detail`;
CREATE TABLE `user_detail` (
  `user_detail_id` int(11) NOT NULL AUTO_INCREMENT,
  `username_canonical` varchar(180) COLLATE utf8_unicode_ci NOT NULL,
  `unit_id` int(11) DEFAULT NULL,
  `user_type` varchar(16) COLLATE utf8_unicode_ci NOT NULL DEFAULT 'unit',
  `date_created` datetime NOT NULL,
  `created_by_user_account_id` int(11) NOT NULL,
  `last_modified` timestamp NOT NULL DEFAULT CURRENT_TIMESTAMP ON UPDATE CURRENT_TIMESTAMP,
  `last_modified_user_account_id` int(11) NOT NULL,
  `active` tinyint(1) NOT NULL DEFAULT '1',
  PRIMARY KEY (`user_detail_id`),
  KEY `unit_id` (`unit_id`),
  KEY `created_by_user_account_id` (`created_by_user_account_id`),
  KEY `last_modified_user_account_id` (`last_modified_user_account_id`)
) ENGINE=InnoDB DEFAULT CHARSET=utf8 COLLATE=utf8_unicode_ci;

DROP TABLE IF EXISTS `user_role`;
CREATE TABLE `user_role` (
  `user_role_id` int(11) NOT NULL AUTO_INCREMENT,
  `username_canonical` varchar(180) COLLATE utf8_unicode_ci NOT NULL,
  `stakeholder_id` int(11) DEFAULT NULL,
  `project_id` int(11) DEFAULT NULL,
  `role_id` int(11) NOT NULL,
  `date_created` datetime NOT NULL,
  `created_by_user_account_id` int(11) NOT NULL,
  `last_modified` timestamp NOT NULL DEFAULT CURRENT_TIMESTAMP ON UPDATE CURRENT_TIMESTAMP,
  `last_modified_user_account_id` int(11) NOT NULL,
  `active` tinyint(1) NOT NULL DEFAULT '1',
  PRIMARY KEY (`user_role_id`),
  KEY `role_id` (`role_id`),
  KEY `project_id` (`project_id`),
  KEY `created_by_user_account_id` (`created_by_user_account_id`),
  KEY `last_modified_user_account_id` (`last_modified_user_account_id`)
) ENGINE=InnoDB DEFAULT CHARSET=utf8 COLLATE=utf8_unicode_ci;

DROP TABLE IF EXISTS `uv_map`;
CREATE TABLE `uv_map` (
  `uv_map_id` int(11) unsigned NOT NULL AUTO_INCREMENT,
  `model_id` int(11) NOT NULL,
  `capture_dataset_id` int(11) DEFAULT NULL,
  `file_upload_id` int(11) DEFAULT NULL,
  `map_type` varchar(255) DEFAULT NULL,
  `map_file_type` varchar(255) DEFAULT NULL,
  `map_size` varchar(255) DEFAULT NULL,
  `uv_map_size_id` int(11) DEFAULT NULL,
  `file_path` varchar(8000) CHARACTER SET utf8 COLLATE utf8_unicode_ci DEFAULT NULL,
  `file_checksum` varchar(1000) CHARACTER SET utf8 COLLATE utf8_unicode_ci DEFAULT NULL,
  `date_created` datetime NOT NULL,
  `created_by_user_account_id` int(11) NOT NULL,
  `last_modified` timestamp NOT NULL DEFAULT CURRENT_TIMESTAMP ON UPDATE CURRENT_TIMESTAMP,
  `last_modified_user_account_id` int(11) NOT NULL,
  `active` tinyint(1) NOT NULL DEFAULT '1',
  `file_package_id` int(11) DEFAULT NULL,
  `model_file_repository_id` int(11) DEFAULT NULL,
  `model_file_id` int(11) DEFAULT NULL,
  PRIMARY KEY (`uv_map_id`),
  KEY `created_by_user_account_id` (`created_by_user_account_id`),
  KEY `last_modified_user_account_id` (`last_modified_user_account_id`)
) ENGINE=InnoDB DEFAULT CHARSET=utf8 COMMENT='This table stores uv_map metadata';

DROP TABLE IF EXISTS `uv_map_size`;
CREATE TABLE `uv_map_size` (
  `uv_map_size_id` int(11) NOT NULL AUTO_INCREMENT,
  `uv_map_size` varchar(100) NOT NULL,
  `date_created` datetime NOT NULL DEFAULT CURRENT_TIMESTAMP,
  `created_by_user_account_id` int(11) NOT NULL,
  `last_modified` timestamp NOT NULL DEFAULT CURRENT_TIMESTAMP ON UPDATE CURRENT_TIMESTAMP,
  `last_modified_user_account_id` int(11) NOT NULL,
  `active` tinyint(1) NOT NULL DEFAULT '1',
  PRIMARY KEY (`uv_map_size_id`),
  KEY `created_by_user_account_id` (`created_by_user_account_id`),
  KEY `last_modified_user_account_id` (`last_modified_user_account_id`)
) ENGINE=InnoDB DEFAULT CHARSET=utf8;

DROP TABLE IF EXISTS `workflow`;
CREATE TABLE `workflow` (
  `workflow_id` int(11) unsigned NOT NULL AUTO_INCREMENT,
  `workflow_recipe_name` varchar(255) CHARACTER SET utf8 NOT NULL DEFAULT '',
  `workflow_definition` varchar(8000) CHARACTER SET utf8 NOT NULL DEFAULT '' COMMENT 'The JSON describing this workflow.',
  `ingest_job_uuid` varchar(50) CHARACTER SET utf8 NOT NULL DEFAULT '' COMMENT 'The ID of the relevant project or item.',
  `item_id` int(11) DEFAULT NULL,
  `step_id` varchar(200) CHARACTER SET utf8 NOT NULL DEFAULT '' COMMENT 'A string uniquely identifying the current step within the workflow_definition JSON.',
  `step_state` varchar(200) CHARACTER SET utf8 DEFAULT NULL COMMENT 'Current state of current step. Null, created, processing, done, error, failed etc.',
  `step_type` varchar(20) CHARACTER SET utf8 NOT NULL DEFAULT 'auto' COMMENT 'auto or manual',
  `processing_job_id` varchar(2000) CHARACTER SET utf8 DEFAULT NULL COMMENT 'Cook or other processing service job_id, or null.',
  `date_created` datetime NOT NULL,
  `created_by_user_account_id` int(11) NOT NULL,
  `active` tinyint(1) NOT NULL DEFAULT '1',
  `last_modified` timestamp NOT NULL DEFAULT CURRENT_TIMESTAMP ON UPDATE CURRENT_TIMESTAMP,
  `last_modified_user_account_id` int(11) NOT NULL,
  PRIMARY KEY (`workflow_id`),
  KEY `created_by_user_account_id` (`created_by_user_account_id`),
  KEY `last_modified_user_account_id` (`last_modified_user_account_id`)
) ENGINE=InnoDB DEFAULT CHARSET=utf8 COLLATE=utf8_unicode_ci;

DROP TABLE IF EXISTS `workflow_log`;
CREATE TABLE `workflow_log` (
  `workflow_log_id` int(11) unsigned NOT NULL AUTO_INCREMENT,
  `workflow_id` int(11) NOT NULL,
  `workflow_recipe_name` varchar(255) NOT NULL,
  `step_id` varchar(200) NOT NULL COMMENT 'A string uniquely identifying the current step within the workflow_definition JSON.',
  `step_state` varchar(200) DEFAULT NULL COMMENT 'Current state of current step. Null, created, processing, done, error, failed etc.',
  `step_type` varchar(20) NOT NULL DEFAULT 'auto' COMMENT 'auto or manual',
  `ingest_job_uuid` varchar(50) CHARACTER SET utf8 COLLATE utf8_unicode_ci NOT NULL DEFAULT '' COMMENT 'The ID of the relevant project or item.',
  `processing_job_id` varchar(2000) DEFAULT NULL COMMENT 'Cook or other processing service job_id, or null.',
  `date_created` datetime NOT NULL,
  `created_by_user_account_id` int(11) NOT NULL,
  `last_modified_user_account_id` int(11) NOT NULL,
  `active` tinyint(1) NOT NULL DEFAULT '1',
  `last_modified` timestamp NOT NULL DEFAULT CURRENT_TIMESTAMP ON UPDATE CURRENT_TIMESTAMP,
  PRIMARY KEY (`workflow_log_id`),
  KEY `workflow_id` (`workflow_id`),
  KEY `created_by_user_account_id` (`created_by_user_account_id`),
  KEY `last_modified_user_account_id` (`last_modified_user_account_id`)
) ENGINE=InnoDB DEFAULT CHARSET=utf8;


INSERT INTO `background_removal_method` VALUES (1,'none','2017-10-23 02:00:55',2,'2018-02-10 18:27:53',1,1),(2,'clip_white','2017-10-23 02:01:18',2,'2018-07-10 19:05:10',5,1),(3,'clip_black','2017-10-23 02:01:24',2,'2018-07-10 19:05:14',2,1),(4,'background_subtraction_by_image_set','2017-10-23 02:01:35',2,'2018-07-10 19:05:36',2,1);
INSERT INTO `calibration_object_type` VALUES (1,'scale_bar','2017-10-23 16:01:47',2,'2018-07-10 19:05:42',2,1),(2,'gray_card','2017-10-23 16:01:54',2,'2018-07-10 19:05:44',2,1),(3,'unknown','2017-10-23 16:02:01',2,'2018-04-04 14:04:12',1,1);
INSERT INTO `camera_cluster_type` VALUES (1,'none','2017-10-23 02:04:06',2,'2018-04-04 13:59:11',5,1),(2,'array','2017-10-23 02:04:12',2,'2018-04-04 13:59:11',5,1),(3,'spherical_image_station','2017-10-23 02:04:20',2,'2018-07-10 19:05:53',1,1),(4,'focal_stack_position_based','2017-10-23 02:04:28',2,'2018-07-10 19:06:02',5,1),(13,'focal_stack_focus_based','2018-04-02 10:18:54',1,'2018-07-10 19:06:11',1,1);
INSERT INTO `data_rights_restriction_type` VALUES (1,'none','2017-10-23 15:49:48',2,'2018-02-10 18:44:00',1,1),(2,'copyrighted','2017-10-23 15:50:07',2,'2017-10-23 19:50:07',2,1),(3,'culturally_sensitive','2017-10-23 15:50:15',2,'2018-07-10 19:06:25',2,1),(4,'si_terms_of_use','2017-10-23 15:50:26',2,'2018-07-10 19:06:34',1,1),(5,'embargo','2017-10-23 15:50:33',2,'2017-10-23 19:50:33',2,1);
INSERT INTO `dataset_type` VALUES (1,'photogrammetry_image_set','2017-10-22 21:14:11',2,'2018-07-10 19:06:45',1,1),(2,'grey_card','2017-10-22 21:14:26',2,'2019-02-11 20:23:03',1,0),(3,'background_removal_image_set','2018-04-04 09:46:26',1,'2018-07-10 19:06:56',1,1),(4,'array_calibration_image_set','2018-04-04 09:46:42',1,'2018-07-10 19:07:06',1,1),(5,'grey_card_image_set','2019-02-11 15:22:51',1,'2019-02-11 20:22:51',1,1);
INSERT INTO `item_position_type` VALUES (1,'relative_to_environment','standard capture','','2017-10-22 21:35:33',2,'2018-07-10 19:07:25',1,1),(2,'relative_to_turntable','turntable capture','','2017-10-22 21:35:56',2,'2018-07-10 19:07:31',1,1);
INSERT INTO `item_type` VALUES (1,'object','2017-10-23 15:46:39',2,'2018-03-18 18:24:52',1,1),(2,'location','2017-10-23 15:46:50',2,'2017-10-23 19:46:50',2,1);
INSERT INTO `light_source_type` VALUES (1,'ambient','2017-10-22 22:26:13',2,'2017-10-23 02:26:23',2,1),(2,'strobe_standard','2017-10-22 22:26:30',2,'2018-07-10 19:07:44',1,1),(3,'strobe_cross','2017-10-22 22:26:38',2,'2018-07-10 19:07:47',1,1),(4,'patterned/structured','2017-10-22 22:26:47',2,'2017-10-23 02:26:47',2,1);
INSERT INTO `permission` VALUES (1,'user_edit','Allows user to view edit page, and save changes to users.','user','user_edit','2018-09-01 14:32:55',7,'2018-12-26 18:47:18',0,1),(3,'users_list','View list of users','user',NULL,'2018-09-02 08:00:28',7,'2018-09-02 16:07:07',7,1),(4,'view_project_details','View project details including subjects, items, etc.','content',NULL,'2018-09-02 08:00:28',7,'2018-09-02 16:06:55',7,1),(5,'create_project_details','Create subjects, items, etc. for a project.','content',NULL,'2018-09-02 08:00:28',7,'2018-09-02 16:06:55',7,1),(6,'edit_project_details','Edit subjects, items, etc. for a project','content',NULL,'2018-09-02 08:00:28',7,'2018-09-02 16:06:55',7,1),(7,'delete_project_details','Delete subjects, items, etc. for a project.','content',NULL,'2018-09-02 08:00:28',7,'2018-09-02 16:06:55',7,1),(8,'create_projects','Create projects','admin',NULL,'2018-09-02 08:03:55',7,'2018-09-02 16:03:55',7,1),(9,'edit_projects','Edit projects','admin',NULL,'2018-09-02 08:03:55',7,'2018-09-02 16:03:55',7,1),(10,'delete_projects','Delete projects','admin',NULL,'2018-09-02 08:03:55',7,'2018-09-02 16:03:55',7,1),(11,'create_stakeholders','Create stakeholders','admin',NULL,'2018-09-02 08:03:55',7,'2018-09-02 16:03:55',7,1),(12,'edit_stakeholders','Edit stakeholders','admin',NULL,'2018-09-02 08:03:55',7,'2018-09-02 16:03:55',7,1),(13,'delete_stakeholders','Delete stakeholders','admin',NULL,'2018-09-02 08:03:55',7,'2018-09-02 16:03:55',7,1),(14,'edit_tours','Edit tour content','content',NULL,'2018-09-02 08:03:55',7,'2018-09-02 16:03:55',7,1),(15,'upload_assets','Upload assets','assets',NULL,'2018-09-02 08:03:55',7,'2018-09-02 16:03:55',7,1),(16,'edit_assets','Edit/update assets','assets',NULL,'2018-09-02 08:03:55',7,'2018-09-02 16:03:55',7,1),(17,'delete_assets','Delete assets','assets',NULL,'2018-09-02 08:03:55',7,'2018-09-02 16:03:55',7,1),(18,'download_processing_assets','Download processing assets','processing',NULL,'2018-09-02 08:04:32',7,'2018-09-02 16:04:32',7,1),(19,'process_models','Process models','processing',NULL,'2018-09-02 08:04:32',7,'2018-09-02 16:04:32',7,1),(20,'view_projects','View all projects','admin',NULL,'2018-09-02 08:22:18',7,'2018-09-02 16:22:18',7,1),(21,'create_edit_lookups','Create and edit lookup values','general',NULL,'2018-12-05 00:00:00',7,'2018-12-26 18:47:59',7,1);
INSERT INTO `scale_bar_barcode_type` VALUES (1,'none','2017-10-23 15:52:16',2,'2017-10-23 19:52:16',2,1),(2,'datamatrix','2017-10-23 15:52:20',2,'2017-10-23 19:52:20',2,1),(3,'qr','2017-10-23 15:52:26',2,'2018-02-10 20:16:01',1,1);
INSERT INTO `target_type` VALUES (1,'dot','2017-10-23 15:53:51',2,'2018-02-10 20:42:59',1,1),(2,'cross','2017-10-23 15:54:01',2,'2017-10-23 19:54:01',2,1),(3,'curricular_12_bit','2017-10-23 15:54:09',2,'2018-07-10 19:08:09',5,1),(4,'RAD','2017-10-23 15:54:15',2,'2018-04-04 14:03:50',1,1);
INSERT INTO `uv_map_size` VALUES (1,'1024x1024','2018-11-12 08:46:21',7,'2018-11-12 18:46:21',7,1),(2,'2048x2048','2018-11-12 08:46:21',7,'2018-11-12 18:46:21',7,1),(3,'4096x4096','2018-11-12 08:46:21',7,'2018-11-12 18:46:21',7,1),(4,'8192x8192','2018-11-12 08:46:21',7,'2018-11-12 18:46:21',7,1),(5,'No limit','2018-11-12 08:46:29',7,'2018-11-12 18:46:29',7,1);
INSERT INTO `unit` VALUES (1,'inch','2017-10-23 15:56:17',2,'2017-10-23 19:56:17',2,1),(2,'foot','2017-10-23 15:56:29',2,'2017-10-23 19:56:29',2,1),(3,'yard','2017-10-23 15:56:34',2,'2018-04-04 14:04:01',1,1),(4,'millimeter','2017-10-23 15:56:41',2,'2018-04-02 14:33:03',1,1),(5,'centimeter','2017-10-23 15:56:46',2,'2018-04-02 14:33:20',1,1),(6,'meter','2017-10-23 15:56:56',2,'2017-10-23 19:56:56',2,1),(7,'micrometer','2018-04-02 10:33:11',1,'2018-04-02 14:33:11',1,1),(8,'kilometer','2018-04-02 10:33:33',1,'2018-04-02 14:33:33',1,1),(9,'mile','2018-04-02 10:33:49',1,'2018-04-02 14:33:49',1,1);

INSERT INTO `status_type` VALUES (1,'Uploaded','2017-11-08 16:47:13',2,'2018-04-04 14:04:23',1,1),(2,'In Queue','2017-11-08 16:48:07',2,'2018-02-03 03:18:55',1,1),(3,'Clipped','2017-11-08 16:48:39',2,'2018-02-03 03:19:58',1,1),(4,'Master Model Processed','2017-11-08 16:49:24',2,'2018-02-03 03:19:28',1,1),(5,'Master + Web Processed','2017-11-08 16:49:57',2,'2018-02-03 03:20:30',1,1),(6,'Upload Directory Exists','2018-02-14 11:59:07',1,'2018-02-14 22:34:16',1,1);
INSERT INTO `capture_method` VALUES (1,'photogrammetry','2017-10-22 19:30:01',2,'2018-04-04 14:02:16',1,1);
INSERT INTO `focus_type` VALUES (1,'fixed','2017-10-22 22:00:34',2,'2018-03-30 17:11:46',5,1),(2,'variable','2017-10-22 22:01:40',2,'2018-04-04 14:02:56',1,1);
INSERT INTO `model_purpose` VALUES (1,'dataset','dataset','2018-11-12 08:46:21',7,'2018-11-12 18:46:21',7,1),(2,'master','master model','2018-11-12 08:46:21',7,'2018-11-12 18:46:21',7,1),(3,'editorial','editorial model','2018-11-12 08:46:21',7,'2018-11-12 18:46:21',7,1),(4,'delivery_print','print-ready model','2018-11-12 08:46:21',7,'2018-11-12 18:46:21',7,1),(5,'delivery_web','web-ready model','2018-11-12 08:46:29',7,'2018-11-12 18:46:29',7,1),(6,'presentation','presentation','2018-11-12 08:46:29',7,'2018-11-12 18:46:29',7,1),(7,'intermediate_processing_step','processing step','2018-11-12 08:46:29',7,'2018-11-12 18:46:29',7,1);

INSERT INTO `role` (`role_id`, `rolename_canonical`, `rolename`, `role_description`, `date_created`, `created_by_user_account_id`, `last_modified`, `last_modified_user_account_id`, `active`) VALUES ('1', 'admin', 'admin', NULL, CURRENT_TIMESTAMP, '1', CURRENT_TIMESTAMP, '1', '1');
INSERT INTO `role_permission` (`role_id`, `permission_id`, `date_created`, `created_by_user_account_id`, `last_modified`, `last_modified_user_account_id`, `active`) VALUES(1, 1,CURRENT_TIMESTAMP,1,CURRENT_TIMESTAMP,1,1), (1, 3,CURRENT_TIMESTAMP,1,CURRENT_TIMESTAMP,1,1), (1, 4,CURRENT_TIMESTAMP,1,CURRENT_TIMESTAMP,1,1), (1, 5,CURRENT_TIMESTAMP,1,CURRENT_TIMESTAMP,1,1), (1, 6,CURRENT_TIMESTAMP,1,CURRENT_TIMESTAMP,1,1), (1, 7,CURRENT_TIMESTAMP,1,CURRENT_TIMESTAMP,1,1), (1, 8,CURRENT_TIMESTAMP,1,CURRENT_TIMESTAMP,1,1), (1, 9,CURRENT_TIMESTAMP,1,CURRENT_TIMESTAMP,1,1), (1, 10,CURRENT_TIMESTAMP,1,CURRENT_TIMESTAMP,1,1), (1, 11,CURRENT_TIMESTAMP,1,CURRENT_TIMESTAMP,1,1), (1, 12,CURRENT_TIMESTAMP,1,CURRENT_TIMESTAMP,1,1), (1, 13,CURRENT_TIMESTAMP,1,CURRENT_TIMESTAMP,1,1), (1, 14,CURRENT_TIMESTAMP,1,CURRENT_TIMESTAMP,1,1), (1, 15,CURRENT_TIMESTAMP,1,CURRENT_TIMESTAMP,1,1), (1, 16,CURRENT_TIMESTAMP,1,CURRENT_TIMESTAMP,1,1), (1, 17,CURRENT_TIMESTAMP,1,CURRENT_TIMESTAMP,1,1), (1, 18,CURRENT_TIMESTAMP,1,CURRENT_TIMESTAMP,1,1), (1, 19,CURRENT_TIMESTAMP,1,CURRENT_TIMESTAMP,1,1), (1, 20,CURRENT_TIMESTAMP,1,CURRENT_TIMESTAMP,1,1), (1, 21,CURRENT_TIMESTAMP,1,CURRENT_TIMESTAMP,1,1);
INSERT INTO `user_role` (`user_role_id`, `username_canonical`, `stakeholder_id`, `project_id`, `role_id`, `date_created`, `created_by_user_account_id`, `last_modified`, `last_modified_user_account_id`, `active`) VALUES ('1', 'admin', NULL, NULL, '1', CURRENT_TIMESTAMP, '1', CURRENT_TIMESTAMP, '1', '1');
INSERT INTO `user_detail` (`user_detail_id`, `username_canonical`, `unit_id`, `user_type`, `date_created`, `created_by_user_account_id`, `last_modified`, `last_modified_user_account_id`, `active`) VALUES (NULL, 'admin', NULL, 'admin', CURRENT_TIMESTAMP, '1', CURRENT_TIMESTAMP, '1', '1');
ALTER TABLE `workflow` ADD `assigned_to_user_account_id` INT NOT NULL  DEFAULT '0'  AFTER `last_modified_user_account_id`;
UPDATE `workflow` SET `assigned_to_user_account_id` = `created_by_user_account_id` WHERE `assigned_to_user_account_id` = 0;

INSERT INTO `isni_data` (`isni_id`, `isni_label`, `date_created`, `created_by_user_account_id`, `last_modified`, `last_modified_user_account_id`, `active`)
VALUES
	('0000000105178260','Anacostia Community Museum','2018-03-07 14:13:40',3,'2018-03-30 00:53:25',3,1),
	('0000000106502747','Smithsonian Institution - Dept. of Botany','2018-09-19 12:10:23',4,'2018-09-19 12:22:47',4,1),
	('0000000106516057','National Museum of Natural History (U.S.) Vertebrate Zoology','2018-05-09 10:54:51',2,'2018-12-11 15:35:16',4,1),
	('0000000106710255','Smithsonian/Folkways Recordings','2018-03-07 14:15:52',3,'2018-03-30 00:53:29',3,1),
	('0000000110911367','Smithsonian Institution Archives','2018-03-07 14:43:27',3,'2018-03-30 00:54:32',3,1),
	('0000000120343957','Smithsonian Institution Libraries','2018-03-07 14:43:45',3,'2018-03-30 00:54:32',3,1),
	('0000000121693449','National Museum of the American Indian (U.S.)','2018-03-07 14:21:49',3,'2018-03-30 00:54:32',3,1),
	('0000000121822028','National Zoological Park','2018-03-07 14:39:37',3,'2018-03-30 00:54:32',3,1),
	('0000000122858065','National Air and Space Museum','2018-02-26 18:20:21',1,'2018-12-13 13:11:10',4,1),
	('0000000122926486','Smithsonian Center for Folklife and Cultural Heritage','2018-03-07 14:15:24',3,'2018-03-30 00:54:32',3,1),
	('0000000122951833','National Museum of African Art','2019-03-02 10:40:32',4,'2019-03-02 10:40:32',4,1),
	('0000000122969689','Smithsonian Tropical Research Institute','2018-03-07 14:47:01',3,'2018-03-30 00:54:32',3,1),
	('0000000123082510','Muse d\'art moderne (New York, N.Y.)','0000-00-00 00:00:00',0,'2018-03-30 00:54:32',0,1),
	('0000000123312646','National Park Service','2018-03-07 13:36:33',3,'2018-03-30 00:54:32',3,1),
	('0000000123642127','National Museum of Natural History (U.S.)','2018-03-07 14:22:42',3,'2018-03-30 00:54:32',3,1),
	('0000000404138402','Neuropsychological Associates of Southwest Missouri','2018-03-07 16:51:52',1,'2018-03-30 00:54:32',1,1),
	('0000000404394318','Freer Gallery of Art and Arthur M Sackler Gallery','2018-03-07 14:16:55',3,'2018-03-30 00:54:32',3,1),
	('0000000404805762','National Museum of American History','2018-03-07 14:19:46',3,'2018-03-30 00:54:32',3,1),
	('0000000404805826','National Postal Museum','2018-03-07 14:38:54',3,'2018-03-30 00:54:32',3,1),
	('0000000404805885','National Museum of African American History and Culture','2018-03-07 14:18:41',3,'2018-03-30 00:54:32',3,1),
	('0000000406043167','Cooper-Hewitt National Design Museum','2018-03-07 14:16:11',3,'2018-03-30 00:54:32',3,1),
	('0000000406379090','Hirshhorn Museum and Sculpture Garden','2018-03-07 14:17:21',3,'2018-03-30 00:54:32',3,1),
	('0000000417942934','Museum of Modern Art Library','0000-00-00 00:00:00',0,'2018-03-30 00:54:32',0,1),
	('0000000418054314','KJIVF Laparoscopy and Test Tube Baby Centre','2018-09-19 10:13:42',4,'2018-09-19 10:13:42',4,1),
	('000000044659326','Smithsonian Latino Center','2018-03-07 14:45:39',3,'2018-03-30 00:54:32',3,1),
	('0000000449022403','Asian Pacific American Center','2018-03-07 14:14:32',3,'2018-03-30 00:54:32',3,1),
	('0000000449143600','Smithsonian Astrophysical Observatory','2018-03-07 14:42:26',3,'2018-03-30 00:54:32',3,1),
	('0000000458946499','Smithsonian American Art Museum','2018-03-07 14:41:36',3,'2018-03-30 00:54:32',3,1),
	('0000000458972996','Archives of American Art','2018-02-26 18:19:57',1,'2018-12-19 12:19:12',4,1),
	('0000000458977383','National Portrait Gallery','2018-03-07 14:37:45',3,'2018-03-30 00:54:32',3,1),
	('0000000459026221','Museum Conservation Institute','2018-03-07 14:18:07',3,'2018-03-30 00:54:32',3,1),
	('0000000459033229','CAST Astro Sciences','2018-03-29 20:50:53',6,'2018-03-30 00:50:53',6,1),
	('0000000459324683','Smithsonian Institution Office of the Chief Information Officer','2018-03-07 14:39:59',3,'2018-03-30 00:54:32',3,1),
	('0000000460334352','Wellcome Collection Wellcome Library','2018-03-06 17:49:31',1,'2018-03-30 00:54:32',1,1),
	('0000000460334378','Dr BR Ambedkar Pooja College of Pharmacy','2018-03-29 11:04:34',6,'2018-03-30 00:54:32',6,1),
	('0000000463534288','Ebooks Proquest Qa Sanity Test','2018-09-19 10:05:18',4,'2018-09-19 10:12:31',4,1),
	('0000000463639805','Mathematica Policy Research Inc Seattle Office','0000-00-00 00:00:00',0,'2018-03-30 00:54:32',0,1),
	('0000000464107552','Barona Indian Charter School','0000-00-00 00:00:00',0,'2018-03-30 00:54:32',0,1),
	('0000000464272347','University of Cambridge Department of Zoology Balfour and Newton Libraries','2018-03-29 18:31:50',6,'2018-03-30 00:54:32',6,1),
	('0000000464648842','National American University - Centennial Denver Metro Campus','0000-00-00 00:00:00',0,'2018-03-30 00:54:32',0,1),
	('000000086120361','Smithsonian Environmental Research Center','2018-03-07 14:43:02',3,'2018-03-30 00:54:32',3,1);

INSERT INTO `unit_stakeholder` (`unit_stakeholder_id`, `isni_id`, `unit_stakeholder_label`, `unit_stakeholder_label_aliases`, `unit_stakeholder_full_name`, `unit_stakeholder_guid`, `date_created`, `created_by_user_account_id`, `last_modified`, `last_modified_user_account_id`, `active`)
VALUES
	(1,NULL,'CPS',NULL,'CENTRAL PROCUREMENT SVCS','070000','2018-01-25 13:40:26',1,'2018-02-28 20:38:57',3,0),
	(2,NULL,'CPS',NULL,'SI PROPERTY AUDIT','073000','2018-01-25 13:40:26',1,'2018-02-28 20:38:57',3,0),
	(3,NULL,'CPS',NULL,'eTRAVEL','074000','2018-01-25 13:40:26',1,'2018-02-28 20:38:57',3,0),
	(4,NULL,'OSEC',NULL,'OFFICE OF THE SECRETARY','110000','2018-01-25 13:40:26',1,'2018-02-28 20:55:26',3,0),
	(5,NULL,'OSEC',NULL,'SECRETARIAT RECORDS MGMT','111000','2018-01-25 13:40:26',1,'2018-02-28 20:55:26',3,0),
	(6,NULL,'OI',NULL,'OFFICE OF INVESTMENTS','120000','2018-01-25 13:40:26',1,'2018-02-28 20:55:26',3,0),
	(7,NULL,'ODI',NULL,'OFC OF DIVERSITY INITIATVS','140000','2018-01-25 13:40:26',1,'2018-02-28 20:55:25',3,0),
	(8,NULL,'ODI',NULL,'EQL EMPLYMNT & MNRTY AFFRS','142000','2018-01-25 13:40:26',1,'2018-02-28 20:55:25',3,0),
	(9,NULL,'OAPG',NULL,'OFC ADV & PHILNTHRPC GVNG','160000','2018-01-25 13:40:26',1,'2018-02-28 20:55:25',3,0),
	(10,'0000000110911367','SIA','','SMITHSONIAN INST ARCHIVES','170000','2018-01-25 13:40:26',1,'2018-03-08 03:46:52',1,1),
	(11,NULL,'ASA',NULL,'ASST SECR FOR ADVANCEMENT','180000','2018-01-25 13:40:26',1,'2018-02-28 20:38:57',3,0),
	(12,NULL,'OA',NULL,'LEADERSHIP GIFTS','180250','2018-01-25 13:40:26',1,'2018-02-28 20:55:24',3,0),
	(13,NULL,'OA',NULL,'OFC OF ADV AND PHIL GVG','180600','2018-01-25 13:40:26',1,'2018-02-28 20:55:24',3,0),
	(14,NULL,'OA',NULL,'PRINCIPLE GIFTS PROGRAM','180610','2018-01-25 13:40:26',1,'2018-02-28 20:55:25',3,0),
	(15,NULL,'OA',NULL,'SI WOMENS COMMITTEE','181000','2018-01-25 13:40:26',1,'2018-02-28 20:55:25',3,0),
	(16,NULL,'OA',NULL,'FRIENDS OF THE SMITHSONIAN','182000','2018-01-25 13:40:26',1,'2018-02-28 20:55:25',3,0),
	(17,NULL,'OA',NULL,'SI CORPORATE MEMBERSHIP PGM','183000','2018-01-25 13:40:26',1,'2018-02-28 20:55:25',3,0),
	(18,NULL,'OA',NULL,'SMITHSONIAN NATIONAL BOARD','184000','2018-01-25 13:40:26',1,'2018-02-28 20:55:25',3,0),
	(19,NULL,'OA',NULL,'DIRECT RESPONSE SHARED SVCS','185000','2018-01-25 13:40:26',1,'2018-02-28 20:55:25',3,0),
	(20,NULL,'OFI',NULL,'OFC FELLOWSHPS & INTRNSHPS','190000','2018-01-25 13:40:26',1,'2018-03-08 00:41:17',3,0),
	(21,NULL,'OPMB',NULL,'OFC OF PLNG - MGMT & BUDGT','200000','2018-01-25 13:40:26',1,'2018-02-28 20:55:26',3,0),
	(22,NULL,'OIG',NULL,'OFC OF INSPECTOR GENERAL','220000','2018-01-25 13:40:26',1,'2018-02-28 20:55:26',3,0),
	(23,NULL,'OIG',NULL,'ADMINISTRATION','221000','2018-01-25 13:40:26',1,'2018-02-28 20:55:26',3,0),
	(24,NULL,'OIG',NULL,'AUDITS','222000','2018-01-25 13:40:26',1,'2018-02-28 20:55:26',3,0),
	(25,NULL,'OIG',NULL,'INVESTIGATIONS','223000','2018-01-25 13:40:26',1,'2018-02-28 20:55:26',3,0),
	(26,NULL,'OGC',NULL,'OFC OF THE GENERAL COUNSEL','230000','2018-01-25 13:40:26',1,'2018-02-28 20:55:25',3,0),
	(27,NULL,'OHR',NULL,'OFFICE OF HUMAN RESOURCES','240000','2018-01-25 13:40:26',1,'2018-02-28 20:55:26',3,0),
	(28,NULL,'OHR',NULL,'OFFICE OF THE DIRECTOR','241000','2018-01-25 13:40:26',1,'2018-02-28 20:55:26',3,0),
	(29,NULL,'OHR',NULL,'ADMINISTRATIVE UNIT','241100','2018-01-25 13:40:26',1,'2018-02-28 20:55:26',3,0),
	(30,NULL,'OHR',NULL,'WORKFORCE PLANNING MGMT BR','242000','2018-01-25 13:40:26',1,'2018-02-28 20:55:26',3,0),
	(31,NULL,'OHR',NULL,'RECRUITMENT BRANCH','243000','2018-01-25 13:40:26',1,'2018-02-28 20:55:26',3,0),
	(32,NULL,'OHR',NULL,'OPERATIONS UNIT','243010','2018-01-25 13:40:26',1,'2018-02-28 20:55:26',3,0),
	(33,NULL,'OHR',NULL,'MANAGEMENT INFORMATION UNT','243020','2018-01-25 13:40:26',1,'2018-02-28 20:55:26',3,0),
	(34,NULL,'OHR',NULL,'DELEGATED EXAMINING UNIT','243030','2018-01-25 13:40:26',1,'2018-02-28 20:55:26',3,0),
	(35,NULL,'OHR',NULL,'EXECUTIVE RESOURCES UNIT','243040','2018-01-25 13:40:26',1,'2018-02-28 20:55:26',3,0),
	(36,NULL,'OHR',NULL,'LABOR & EMPL RELATIONS BR','244000','2018-01-25 13:40:26',1,'2018-02-28 20:55:26',3,0),
	(37,NULL,'OHR',NULL,'COMPENSATION & BENEFITS BR','245000','2018-01-25 13:40:26',1,'2018-02-28 20:55:26',3,0),
	(38,NULL,'OHR',NULL,'OFC OF THE ASSOCIATE DIR','246000','2018-01-25 13:40:26',1,'2018-02-28 20:55:26',3,0),
	(39,NULL,'OHR',NULL,'HUMAN RESOURCES PARTNER BR','247000','2018-01-25 13:40:26',1,'2018-02-28 20:55:26',3,0),
	(40,NULL,'OHR',NULL,'ADMINISTRATIVE BRANCH','248000','2018-01-25 13:40:26',1,'2018-02-28 20:55:26',3,0),
	(41,NULL,'OCON',NULL,'OFC OF CONTR & PERSNL PROP MGT','270000','2018-01-25 13:40:26',1,'2018-02-28 20:55:25',3,0),
	(42,NULL,'OCON',NULL,'OFFICE OF THE DIRECTOR','271000','2018-01-25 13:40:26',1,'2018-02-28 20:55:25',3,0),
	(43,NULL,'OCON',NULL,'COMPLEX AGREEMENTS DIV','272000','2018-01-25 13:40:26',1,'2018-02-28 20:55:25',3,0),
	(44,NULL,'OCON',NULL,'ACQUISITNS-SCIENCE','272100','2018-01-25 13:40:26',1,'2018-02-28 20:55:25',3,0),
	(45,NULL,'OCON',NULL,'ACQUISTNS-ART MUSEUMS','272300','2018-01-25 13:40:26',1,'2018-02-28 20:55:25',3,0),
	(46,NULL,'OCON',NULL,'PROCUREMENT DIVISION','273000','2018-01-25 13:40:26',1,'2018-02-28 20:55:25',3,0),
	(47,NULL,'OCON',NULL,'PROGRAMS-PROCUREMENT','273100','2018-01-25 13:40:26',1,'2018-02-28 20:55:25',3,0),
	(48,NULL,'OCON',NULL,'PROGRAMS-PURCHASE CARD','273200','2018-01-25 13:40:26',1,'2018-02-28 20:55:25',3,0),
	(49,NULL,'OCON',NULL,'PROGRAMS-TRAVEL SRVCS OFC','273300','2018-01-25 13:40:26',1,'2018-02-28 20:55:25',3,0),
	(50,NULL,'OCON',NULL,'PROGRAMS-SI PLCY & PRP MG','273400','2018-01-25 13:40:26',1,'2018-02-28 20:55:25',3,0),
	(51,NULL,'OCON',NULL,'PERSONAL PROPERTY MGMT','274000','2018-01-25 13:40:26',1,'2018-02-28 20:55:25',3,0),
	(52,NULL,'OCON',NULL,'POLICIES & RESOURCES','275000','2018-01-25 13:40:26',1,'2018-02-28 20:55:25',3,0),
	(53,NULL,'OCON',NULL,'A-E & CONSTR CNTRCTNG DIV','276000','2018-01-25 13:40:26',1,'2018-02-28 20:55:25',3,0),
	(54,NULL,'OCON',NULL,'TVL & CHARGE CRD SVCS DIV','277000','2018-01-25 13:40:26',1,'2018-02-28 20:55:25',3,0),
	(55,NULL,'OCON',NULL,'TRAVEL MANAGEMENT OFFICE','277100','2018-01-25 13:40:26',1,'2018-02-28 20:55:25',3,0),
	(56,NULL,'OCON',NULL,'CHARGE CARD PROGRAM','277200','2018-01-25 13:40:26',1,'2018-02-28 20:55:25',3,0),
	(57,NULL,'OUSFA',NULL,'OFC USEC FIN & ADMN/CFO','290000','2018-01-25 13:40:26',1,'2018-02-28 20:55:26',3,0),
	(58,NULL,'OUSFA',NULL,'CONSOLIDATED ADMIN-MALL','291000','2018-01-25 13:40:26',1,'2018-02-28 20:55:26',3,0),
	(59,NULL,'OUSFA',NULL,'CONSOLIDATED ADMIN-CC','292000','2018-01-25 13:40:26',1,'2018-02-28 20:55:26',3,0),
	(60,NULL,'AP',NULL,'ACCESSIBILITY PROGRAM','293000','2018-01-25 13:40:26',1,'2018-02-28 20:38:57',3,0),
	(61,NULL,'OMBUDSMAN',NULL,'OMBUDSMAN','294000','2018-01-25 13:40:26',1,'2018-02-28 20:55:26',3,0),
	(62,'0000000404805826','NPM','','NATIONAL POSTAL MUSEUM','300000','2018-01-25 13:40:26',1,'2018-03-08 03:44:55',1,1),
	(63,NULL,'NPM',NULL,'RESEARCH SERVICES','301000','2018-01-25 13:40:26',1,'2018-02-28 20:55:23',3,0),
	(64,NULL,'NPM',NULL,'ADMINISTRATIVE SERVICES','302000','2018-01-25 13:40:26',1,'2018-02-28 20:55:23',3,0),
	(65,NULL,'NPM',NULL,'BUILDING MANAGEMENT SRVCS','303000','2018-01-25 13:40:26',1,'2018-02-28 20:55:23',3,0),
	(66,NULL,'NPM',NULL,'FINANCIAL SERVICES','304000','2018-01-25 13:40:26',1,'2018-02-28 20:55:23',3,0),
	(67,NULL,'NPM',NULL,'EXTERNAL AFFAIRS','305000','2018-01-25 13:40:26',1,'2018-02-28 20:55:23',3,0),
	(68,NULL,'NPM',NULL,'INTERPRETIVE SERVICES','306000','2018-01-25 13:40:26',1,'2018-02-28 20:55:23',3,0),
	(69,NULL,'NPM',NULL,'COLLECTION MANAGEMNT SRVCS','307000','2018-01-25 13:40:26',1,'2018-02-28 20:55:23',3,0),
	(70,NULL,'NPM',NULL,'EXHIBITION SERVICES','308000','2018-01-25 13:40:26',1,'2018-02-28 20:55:23',3,0),
	(71,NULL,'OVS',NULL,'OFFICE OF VISITOR SERVICES','310000','2018-01-25 13:40:26',1,'2018-02-28 20:55:26',3,0),
	(72,NULL,'OVS',NULL,'MANAGEMENT','311100','2018-01-25 13:40:26',1,'2018-02-28 20:55:26',3,0),
	(73,NULL,'OVS',NULL,'ADMINISTRATION','311200','2018-01-25 13:40:26',1,'2018-02-28 20:55:26',3,0),
	(74,NULL,'OVS',NULL,'VISITOR INFORMATION','311300','2018-01-25 13:40:26',1,'2018-02-28 20:55:26',3,0),
	(75,NULL,'OVS',NULL,'VOLUNTEER MANAGEMENT','311400','2018-01-25 13:40:26',1,'2018-02-28 20:55:26',3,0),
	(76,NULL,'SCLDA',NULL,'SI CTR LRNG & DIGITL ACC','320000','2018-01-25 13:40:26',1,'2018-02-28 20:43:36',3,0),
	(77,NULL,'SCLDA',NULL,'EDUCATION','321000','2018-01-25 13:40:26',1,'2018-02-28 20:43:36',3,0),
	(78,'0000000123642127','NMNH','','NATL MUSEUM NATURAL HIST','330000','2018-01-25 13:40:26',1,'2018-03-08 03:40:29',1,1),
	(79,NULL,'NMNH',NULL,'BUSINESS VENTURES','330005','2018-01-25 13:40:26',1,'2018-02-28 20:55:22',3,0),
	(80,NULL,'NMNH',NULL,'OFFICE OF THE DIRECTOR','331000','2018-01-25 13:40:26',1,'2018-02-28 20:55:22',3,0),
	(81,NULL,'NMNH',NULL,'INFORMATION TECHNOLOGY','331010','2018-01-25 13:40:26',1,'2018-02-28 20:55:22',3,0),
	(82,NULL,'NMNH',NULL,'PHOTO AND MEDIA','331011','2018-01-25 13:40:26',1,'2018-02-28 20:55:22',3,0),
	(83,NULL,'NMNH',NULL,'FACILITIES OPERATIONS','331020','2018-01-25 13:40:26',1,'2018-02-28 20:55:22',3,0),
	(84,NULL,'NMNH',NULL,'SHIPPING','331030','2018-01-25 13:40:26',1,'2018-02-28 20:55:22',3,0),
	(85,NULL,'NMNH',NULL,'ENCYCLOPEDIA OF LIFE','331040','2018-01-25 13:40:26',1,'2018-02-28 20:55:22',3,0),
	(86,NULL,'NMNH',NULL,'ASSOC DIR FOR SCIENCE','332000','2018-01-25 13:40:26',1,'2018-02-28 20:55:22',3,0),
	(87,NULL,'NMNH',NULL,'COLLECTIONS','332001','2018-01-25 13:40:26',1,'2018-02-28 20:55:22',3,0),
	(88,NULL,'NMNH',NULL,'GLOBAL GENOME','332002','2018-01-25 13:40:26',1,'2018-02-28 20:55:22',3,0),
	(89,NULL,'NMNH',NULL,'BARCODE OF LIFE','332003','2018-01-25 13:40:26',1,'2018-02-28 20:55:22',3,0),
	(90,'0000000123642127','NMNH','','NMNH - DEPT OF MINERAL SCIENCE','332010','2018-01-25 13:40:26',1,'2018-03-08 03:42:00',1,1),
	(91,NULL,'NMNH',NULL,'GLOBAL VOLCANISM','332011','2018-01-25 13:40:26',1,'2018-02-28 20:55:22',3,0),
	(92,'0000000123642127','NMNH','','NMNH - DEPT OF ANTHROPOLOGY','332020','2018-01-25 13:40:26',1,'2019-03-26 16:34:52',4,1),
	(93,NULL,'NMNH',NULL,'ANTHRO COLL AND ARCHV','332022','2018-01-25 13:40:26',1,'2018-02-28 20:55:22',3,0),
	(94,NULL,'NMNH',NULL,'ARCTIC ARCH AND ANTHRO','332023','2018-01-25 13:40:26',1,'2018-02-28 20:55:22',3,0),
	(95,'0000000123642127','NMNH','','NMNH - REPATRIATION','332025','2018-01-25 13:40:26',1,'2018-03-08 03:42:35',1,1),
	(96,NULL,'NMNH',NULL,'HUMAN ORIGINS','332028','2018-01-25 13:40:26',1,'2018-03-08 00:23:42',3,0),
	(97,NULL,'NMNH',NULL,'RECOVERING VOICES','332029','2018-01-25 13:40:26',1,'2018-03-08 00:23:42',3,0),
	(98,NULL,'NMNH',NULL,'ZOOLOGY ADMIN','332030','2018-01-25 13:40:26',1,'2018-02-28 20:55:22',3,0),
	(99,'0000000123642127','NMNH','','NMNH - DEPT OF INVERTEBRATE ZOOL','332031','2018-01-25 13:40:26',1,'2018-03-08 03:42:50',1,1),
	(100,'0000000106516057','NMNH','','NMNH - DEPT OF VERTEBRATE ZOOL','332032','2018-01-25 13:40:26',1,'2018-09-19 10:40:29',4,1),
	(101,'0000000106502747','NMNH','','NMNH - DEPT OF BOTANY','332033','2018-01-25 13:40:26',1,'2018-09-19 12:10:23',4,1),
	(102,'0000000123642127','NMNH','','NMNH - DEPT OF ENTOMOLOGY','332034','2018-01-25 13:40:26',1,'2018-03-08 03:43:35',1,1),
	(103,NULL,'NMNH',NULL,'CARRIBEAN CORAL REEF','332035','2018-01-25 13:40:26',1,'2018-03-08 00:29:59',3,0),
	(104,NULL,'NMNH',NULL,'GENETICS PROGRAM','332036','2018-01-25 13:40:26',1,'2018-02-28 20:55:22',3,0),
	(105,'0000000123642127','NMNH','','NMNH - DEPT OF PALEOBIOLOGY','332040','2018-01-25 13:40:26',1,'2018-03-08 03:43:46',1,1),
	(106,NULL,'NMNH',NULL,'SMSFP OPERATIONS','332050','2018-01-25 13:40:26',1,'2018-02-28 20:55:22',3,0),
	(107,NULL,'NMNH',NULL,'LAB','332070','2018-01-25 13:40:26',1,'2018-02-28 20:55:22',3,0),
	(108,NULL,'NMNH',NULL,'PUBLIC ENG ADMIN','333000','2018-01-25 13:40:26',1,'2018-02-28 20:55:22',3,0),
	(109,NULL,'NMNH',NULL,'EDUCATION AND OUTREACH','333010','2018-01-25 13:40:26',1,'2018-02-28 20:55:22',3,0),
	(110,NULL,'NMNH',NULL,'EXHIBITIONS','333020','2018-01-25 13:40:26',1,'2018-02-28 20:55:22',3,0),
	(111,NULL,'NMNH',NULL,'NATIONAL OUTREACH','333030','2018-01-25 13:40:26',1,'2018-02-28 20:55:22',3,0),
	(112,NULL,'NMNH',NULL,'STRATEGIC COMMUNICATIONS','333040','2018-01-25 13:40:26',1,'2018-02-28 20:55:22',3,0),
	(113,NULL,'NMNH',NULL,'DEVELOPMENT','334000','2018-01-25 13:40:26',1,'2018-02-28 20:55:22',3,0),
	(114,'0000000122969689','STRI','','SI TROPICAL RESEARCH INST','340000','2018-01-25 13:40:26',1,'2018-03-08 03:48:04',1,1),
	(115,NULL,'STRI',NULL,'RESEARCH','341000','2018-01-25 13:40:26',1,'2018-02-28 20:43:40',3,0),
	(116,NULL,'STRI',NULL,'RESEARCH MARINE','341100','2018-01-25 13:40:26',1,'2018-02-28 20:43:40',3,0),
	(117,NULL,'STRI',NULL,'MARINE BIOGEOGRAPHY','341101','2018-01-25 13:40:26',1,'2018-02-28 20:43:40',3,0),
	(118,NULL,'STRI',NULL,'MOLECULAR EVOLUTION','341102','2018-01-25 13:40:26',1,'2018-02-28 20:43:40',3,0),
	(119,NULL,'STRI',NULL,'COMMUNITY ECOLOGY','341103','2018-01-25 13:40:26',1,'2018-02-28 20:43:40',3,0),
	(120,NULL,'STRI',NULL,'RESEARCH SUPPORT','341200','2018-01-25 13:40:26',1,'2018-02-28 20:43:40',3,0),
	(121,NULL,'STRI',NULL,'RESEARCH TERRESTRIAL','341300','2018-01-25 13:40:26',1,'2018-02-28 20:43:40',3,0),
	(122,NULL,'STRI',NULL,'FOREST ECOLOGY','341301','2018-01-25 13:40:26',1,'2018-02-28 20:43:40',3,0),
	(123,NULL,'STRI',NULL,'INSECT/PLANT ECOLOGY','341302','2018-01-25 13:40:26',1,'2018-02-28 20:43:40',3,0),
	(124,NULL,'STRI',NULL,'PALEOECOLOGY','341400','2018-01-25 13:40:26',1,'2018-02-28 20:43:40',3,0),
	(125,NULL,'STRI',NULL,'HUMAN ECOLOGY','341401','2018-01-25 13:40:26',1,'2018-02-28 20:43:40',3,0),
	(126,NULL,'STRI',NULL,'CONSERVATION & ENVIR EDUC','342000','2018-01-25 13:40:26',1,'2018-02-28 20:43:40',3,0),
	(127,NULL,'STRI',NULL,'CONSERVATION/EDUCATION','342100','2018-01-25 13:40:26',1,'2018-02-28 20:43:40',3,0),
	(128,NULL,'STRI',NULL,'ACADEMIC PROGRAMS','342200','2018-01-25 13:40:26',1,'2018-02-28 20:43:40',3,0),
	(129,NULL,'STRI',NULL,'PROTECTION (BCNM)','343000','2018-01-25 13:40:26',1,'2018-02-28 20:43:40',3,0),
	(130,NULL,'STRI',NULL,'FACILITIES ENGR/OPERATNS','344000','2018-01-25 13:40:26',1,'2018-02-28 20:43:40',3,0),
	(131,NULL,'STRI',NULL,'DESIGN/ENGINEERING','344100','2018-01-25 13:40:26',1,'2018-02-28 20:43:40',3,0),
	(132,NULL,'STRI',NULL,'MAINTENANCE','344200','2018-01-25 13:40:26',1,'2018-02-28 20:43:40',3,0),
	(133,NULL,'STRI',NULL,'ADVANCEMENT','345000','2018-01-25 13:40:26',1,'2018-02-28 20:43:40',3,0),
	(134,NULL,'STRI',NULL,'ADVANCEMENT-COMMUNICATION','345100','2018-01-25 13:40:26',1,'2018-02-28 20:43:40',3,0),
	(135,NULL,'STRI',NULL,'ADVANCEMENT-DEVELOPMENT','345200','2018-01-25 13:40:26',1,'2018-02-28 20:43:40',3,0),
	(136,NULL,'STRI',NULL,'ADVANCEMENT-PUBLIC PRGMS','345300','2018-01-25 13:40:26',1,'2018-02-28 20:43:40',3,0),
	(137,NULL,'STRI',NULL,'ADVANCEMENT-INST RELATNS','345400','2018-01-25 13:40:26',1,'2018-02-28 20:43:40',3,0),
	(138,NULL,'STRI',NULL,'GENERAL ADMINISTRATION','346000','2018-01-25 13:40:26',1,'2018-02-28 20:43:40',3,0),
	(139,NULL,'STRI',NULL,'EXTERNAL RELATIONS','346100','2018-01-25 13:40:26',1,'2018-02-28 20:43:40',3,0),
	(140,NULL,'STRI',NULL,'BUDGET FINANCE','346200','2018-01-25 13:40:26',1,'2018-02-28 20:43:40',3,0),
	(141,NULL,'STRI',NULL,'ACCOUNTING (STRI-ONLY)','346210','2018-01-25 13:40:26',1,'2018-02-28 20:43:40',3,0),
	(142,NULL,'STRI',NULL,'PROCUREMENT (STRI-ONLY)','346220','2018-01-25 13:40:26',1,'2018-02-28 20:43:40',3,0),
	(143,NULL,'STRI',NULL,'TRAFFIC (STRI-ONLY)','346221','2018-01-25 13:40:26',1,'2018-02-28 20:43:40',3,0),
	(144,NULL,'STRI',NULL,'SAFETY (STRI-ONLY)','346300','2018-01-25 13:40:26',1,'2018-02-28 20:43:40',3,0),
	(145,NULL,'STRI',NULL,'INFORMATION TECHNOLOGY','346400','2018-01-25 13:40:26',1,'2018-02-28 20:43:40',3,0),
	(146,NULL,'STRI',NULL,'DIRECTOR\'S OFFICE','346500','2018-01-25 13:40:26',1,'2018-02-28 20:43:40',3,0),
	(147,NULL,'STRI',NULL,'ADVANCEMENT','346600','2018-01-25 13:40:26',1,'2018-02-28 20:43:40',3,0),
	(148,'0000000121822028','NZP','','NATIONAL ZOOLOGICAL PARK','350000','2018-01-25 13:40:26',1,'2018-03-08 03:45:14',1,1),
	(149,NULL,'NZP',NULL,'OFFICE OF THE DIRECTOR','350100','2018-01-25 13:40:26',1,'2018-02-28 20:55:23',3,0),
	(150,NULL,'NZP',NULL,'PLANNING & STRATEGIC INIT','350110','2018-01-25 13:40:26',1,'2018-02-28 20:55:23',3,0),
	(151,NULL,'NZP',NULL,'SAFETY OFFICE','350150','2018-01-25 13:40:26',1,'2018-02-28 20:55:23',3,0),
	(152,NULL,'NZP',NULL,'ADVANCEMENT','350170','2018-01-25 13:40:26',1,'2018-02-28 20:55:24',3,0),
	(153,NULL,'NZP',NULL,'PUBLIC AFFAIRS & COMM DEPT','351000','2018-01-25 13:40:26',1,'2018-02-28 20:55:24',3,0),
	(154,NULL,'NZP',NULL,'ANIMAL CARE DEPARTMENT','352000','2018-01-25 13:40:26',1,'2018-02-28 20:55:24',3,0),
	(155,NULL,'NZP',NULL,'ENRCHMT-TRNING & AM TRAIL','352001','2018-01-25 13:40:26',1,'2018-02-28 20:55:24',3,0),
	(156,NULL,'NZP',NULL,'WILD LIFE HEALTH SCIENCES','352020','2018-01-25 13:40:26',1,'2018-02-28 20:55:24',3,0),
	(157,NULL,'NZP',NULL,'WILD LIFE HEALTH SC/PTHLGY','352030','2018-01-25 13:40:26',1,'2018-02-28 20:55:24',3,0),
	(158,NULL,'NZP',NULL,'ANIMAL PROGRAMS','352040','2018-01-25 13:40:26',1,'2018-02-28 20:55:24',3,0),
	(159,NULL,'NZP',NULL,'CHEETAHS/AFRICAN TRAIL','352041','2018-01-25 13:40:26',1,'2018-02-28 20:55:24',3,0),
	(160,NULL,'NZP',NULL,'LIONS/TIGERS','352042','2018-01-25 13:40:26',1,'2018-02-28 20:55:24',3,0),
	(161,NULL,'NZP',NULL,'PRIMATES/PANDAS','352043','2018-01-25 13:40:26',1,'2018-02-28 20:55:24',3,0),
	(162,NULL,'NZP',NULL,'SM MAMMALS/KIDS FARM','352044','2018-01-25 13:40:26',1,'2018-02-28 20:55:24',3,0),
	(163,NULL,'NZP',NULL,'ASIA TRAIL PANDAS','352045','2018-01-25 13:40:26',1,'2018-02-28 20:55:24',3,0),
	(164,NULL,'NZP',NULL,'AMAZONIA','352046','2018-01-25 13:40:26',1,'2018-02-28 20:55:24',3,0),
	(165,NULL,'NZP',NULL,'BIRDS','352047','2018-01-25 13:40:26',1,'2018-02-28 20:55:24',3,0),
	(166,NULL,'NZP',NULL,'INVERTEBRATES','352048','2018-01-25 13:40:26',1,'2018-02-28 20:55:24',3,0),
	(167,NULL,'NZP',NULL,'REPTILES','352049','2018-01-25 13:40:26',1,'2018-02-28 20:55:24',3,0),
	(168,NULL,'NZP',NULL,'DEPT OF ANIMAL NUTRITION','352050','2018-01-25 13:40:26',1,'2018-02-28 20:55:24',3,0),
	(169,NULL,'NZP',NULL,'LIFE SUPPORT SYSTEMS (LSS)','352070','2018-01-25 13:40:26',1,'2018-02-28 20:55:24',3,0),
	(170,NULL,'NZP',NULL,'SCBI OFC OF THE DIRECTOR','353000','2018-01-25 13:40:26',1,'2018-02-28 20:55:24',3,0),
	(171,NULL,'NZP',NULL,'SMSC','353010','2018-01-25 13:40:26',1,'2018-02-28 20:55:24',3,0),
	(172,NULL,'NZP',NULL,'SCBI PROGRAMS/INITIATIVES','353011','2018-01-25 13:40:26',1,'2018-02-28 20:55:24',3,0),
	(173,NULL,'NZP',NULL,'CONS ECOLOGY CENTER','353030','2018-01-25 13:40:26',1,'2018-02-28 20:55:24',3,0),
	(174,NULL,'NZP',NULL,'GLOBAL HEALTH','353031','2018-01-25 13:40:26',1,'2018-02-28 20:55:24',3,0),
	(175,NULL,'NZP',NULL,'CENTR FOR SPECIES SURVIVAL','353040','2018-01-25 13:40:26',1,'2018-02-28 20:55:24',3,0),
	(176,NULL,'NZP',NULL,'REPRODUCTIVE SCIENCES','353041','2018-01-25 13:40:26',1,'2018-02-28 20:55:24',3,0),
	(177,NULL,'NZP',NULL,'BIRD UNIT','353042','2018-01-25 13:40:26',1,'2018-02-28 20:55:24',3,0),
	(178,NULL,'NZP',NULL,'MAMMAL UNIT','353043','2018-01-25 13:40:26',1,'2018-02-28 20:55:24',3,0),
	(179,NULL,'NZP',NULL,'ANIMAL NUTRITION DIVISION','353050','2018-01-25 13:40:26',1,'2018-02-28 20:55:24',3,0),
	(180,NULL,'NZP',NULL,'CONSRV EVOLUTNARY GENETICS','353060','2018-01-25 13:40:26',1,'2018-02-28 20:55:24',3,0),
	(181,NULL,'NZP',NULL,'MIGRATORY BIRD CENTER','353070','2018-01-25 13:40:26',1,'2018-02-28 20:55:24',3,0),
	(182,NULL,'NZP',NULL,'CTR CNSRV & SUSTAINABILITY','353080','2018-01-25 13:40:26',1,'2018-02-28 20:55:24',3,0),
	(183,NULL,'NZP',NULL,'DEPT OF CONSRVTN MEDICINE','353090','2018-01-25 13:40:26',1,'2018-02-28 20:55:24',3,0),
	(184,NULL,'NZP',NULL,'ADMINISTRATION & OPERATNS','354000','2018-01-25 13:40:26',1,'2018-02-28 20:55:24',3,0),
	(185,NULL,'NZP',NULL,'FINANCE & ADMINISTRATION','354010','2018-01-25 13:40:26',1,'2018-02-28 20:55:24',3,0),
	(186,NULL,'NZP',NULL,'PERSONNEL OFFICE','354020','2018-01-25 13:40:26',1,'2018-02-28 20:55:24',3,0),
	(187,NULL,'NZP',NULL,'INFORMATION TECHNOLOGY DIV','354030','2018-01-25 13:40:26',1,'2018-02-28 20:55:24',3,0),
	(188,NULL,'NZP',NULL,'PUBLIC ENGAGEMENT','354040','2018-01-25 13:40:26',1,'2018-02-28 20:55:24',3,0),
	(189,NULL,'NZP',NULL,'OPERATIONS','354050','2018-01-25 13:40:26',1,'2018-02-28 20:55:24',3,0),
	(190,NULL,'NZP',NULL,'PARK MANAGEMENT','354060','2018-01-25 13:40:26',1,'2018-02-28 20:55:24',3,0),
	(191,NULL,'NZP',NULL,'SAFETY','354070','2018-01-25 13:40:26',1,'2018-02-28 20:55:24',3,0),
	(192,NULL,'NZP',NULL,'REGISTRAR','354080','2018-01-25 13:40:26',1,'2018-02-28 20:55:24',3,0),
	(193,NULL,'NZP',NULL,'PUBLIC ENGAGEMENT','355000','2018-01-25 13:40:26',1,'2018-02-28 20:55:24',3,0),
	(194,NULL,'NZP',NULL,'INTERN OFFICE','355010','2018-01-25 13:40:26',1,'2018-02-28 20:55:24',3,0),
	(195,NULL,'NZP',NULL,'EXHIBITS DESIGN','355020','2018-01-25 13:40:26',1,'2018-02-28 20:55:24',3,0),
	(196,NULL,'NZP',NULL,'EXHIBITS PRODUCTION','355030','2018-01-25 13:40:26',1,'2018-02-28 20:55:24',3,0),
	(197,'000000044659326X','SLC','','SMITHSONIAN LATINO CENTER','360000','2018-01-25 13:40:26',1,'2018-03-08 03:47:28',1,1),
	(198,NULL,'NMNH',NULL,'MUSEUM SUPPORT CENTER','370000','2018-01-25 13:40:26',1,'2018-02-28 20:55:22',3,0),
	(199,'0000000123642127','NMNH','','NMNH - MSC COLLECTIONS','377000','2018-01-25 13:40:26',1,'2018-03-08 03:43:59',1,1),
	(200,'0000000122858065','NASM','','NATL AIR & SPACE MUSEUM','380000','2018-01-25 13:40:26',1,'2018-05-24 15:06:39',4,1),
	(201,NULL,'NASM',NULL,'OFFICE OF THE DIRECTOR','381000','2018-01-25 13:40:26',1,'2018-02-28 20:55:18',3,0),
	(202,NULL,'NASM',NULL,'UDVAR HAZY CTR OPERATIONS','381200','2018-01-25 13:40:26',1,'2018-02-28 20:55:18',3,0),
	(203,NULL,'NASM',NULL,'ADVANCEMENT DEPARTMENT','381400','2018-01-25 13:40:26',1,'2018-02-28 20:55:18',3,0),
	(204,NULL,'NASM',NULL,'CLLCTNS & CUR AFF DIRCTRT','382000','2018-01-25 13:40:26',1,'2018-02-28 20:55:18',3,0),
	(205,NULL,'NASM',NULL,'AERONAUTICS DEPARTMENT','382010','2018-01-25 13:40:26',1,'2018-02-28 20:55:18',3,0),
	(206,NULL,'NASM',NULL,'SPACE HISTORY DEPARTMENT','382020','2018-01-25 13:40:26',1,'2018-02-28 20:55:18',3,0),
	(207,NULL,'NASM',NULL,'COLLECTIONS DEPARTMENT','382030','2018-01-25 13:40:26',1,'2018-02-28 20:55:18',3,0),
	(208,NULL,'NASM',NULL,'PRESERVTN & RESTORTN UNIT','382031','2018-01-25 13:40:26',1,'2018-02-28 20:55:18',3,0),
	(209,NULL,'NASM',NULL,'CONSERVATION UNIT','382032','2018-01-25 13:40:26',1,'2018-02-28 20:55:18',3,0),
	(210,NULL,'NASM',NULL,'COLLECTIONS PROCESSG UNIT','382033','2018-01-25 13:40:26',1,'2018-02-28 20:55:18',3,0),
	(211,NULL,'NASM',NULL,'REGISTRAR UNIT','382034','2018-01-25 13:40:26',1,'2018-02-28 20:55:18',3,0),
	(212,NULL,'NASM',NULL,'ARCHIVES DEPARTMENT','382040','2018-01-25 13:40:26',1,'2018-02-28 20:55:18',3,0),
	(213,NULL,'NASM',NULL,'CTR EARTH & PLANETRY STDY','382050','2018-01-25 13:40:26',1,'2018-02-28 20:55:18',3,0),
	(214,NULL,'NASM',NULL,'EDUC & MUS OPERATNS DEPT','383000','2018-01-25 13:40:26',1,'2018-02-28 20:55:18',3,0),
	(215,NULL,'NASM',NULL,'EXHIBITS TECHNOLOGIES','383051','2018-01-25 13:40:26',1,'2018-02-28 20:55:18',3,0),
	(216,NULL,'NASM',NULL,'EXTERNAL AFFAIRS DEPT','385000','2018-01-25 13:40:26',1,'2018-02-28 20:55:18',3,0),
	(217,NULL,'NASM',NULL,'SPECIAL EVENTS OFFICE','385011','2018-01-25 13:40:26',1,'2018-02-28 20:55:18',3,0),
	(218,NULL,'NASM',NULL,'VISITOR SERVICES OFFICE','385012','2018-01-25 13:40:26',1,'2018-02-28 20:55:18',3,0),
	(219,NULL,'NASM',NULL,'COMMUNICATIONS OFFICE','385013','2018-01-25 13:40:26',1,'2018-02-28 20:55:18',3,0),
	(220,NULL,'NASM',NULL,'ADVANCEMENT DEPARTMENT','385020','2018-01-25 13:40:26',1,'2018-02-28 20:55:18',3,0),
	(221,NULL,'NASM',NULL,'PUBLIC ENGAGEMENT DEPT','385030','2018-01-25 13:40:26',1,'2018-02-28 20:55:18',3,0),
	(222,NULL,'NASM',NULL,'LECTURES AND SEMINARS OFC','385031','2018-01-25 13:40:26',1,'2018-02-28 20:55:18',3,0),
	(223,NULL,'NASM',NULL,'COMMUNICATIONS OFFICE','385032','2018-01-25 13:40:26',1,'2018-02-28 20:55:18',3,0),
	(224,NULL,'NASM',NULL,'DIGITAL EXPERIENCES OFC','385033','2018-01-25 13:40:26',1,'2018-02-28 20:55:18',3,0),
	(225,NULL,'NASM',NULL,'INTERACTIV MEDIA & OUTRCH','385034','2018-01-25 13:40:26',1,'2018-02-28 20:55:18',3,0),
	(226,NULL,'NASM',NULL,'MGMT & PUBLIC PRGMS DIR','386000','2018-01-25 13:40:26',1,'2018-02-28 20:55:18',3,0),
	(227,NULL,'NASM',NULL,'OFC DA DIR-MGMT & PUB PGM','386010','2018-01-25 13:40:26',1,'2018-02-28 20:55:18',3,0),
	(228,NULL,'NASM',NULL,'ACQUISITIONS OFFICE','386020','2018-01-25 13:40:26',1,'2018-02-28 20:55:18',3,0),
	(229,NULL,'NASM',NULL,'BUSINESS AND FINANCE DEPT','386030','2018-01-25 13:40:26',1,'2018-02-28 20:55:18',3,0),
	(230,NULL,'NASM',NULL,'INFORMATION TECHNOLOGY OF','386031','2018-01-25 13:40:26',1,'2018-02-28 20:55:18',3,0),
	(231,NULL,'NASM',NULL,'EXHIBIT TECHNOLOGY OFC','386032','2018-01-25 13:40:26',1,'2018-02-28 20:55:18',3,0),
	(232,NULL,'NASM',NULL,'INFO & EXHIBIT TECH DEPT','386040','2018-01-25 13:40:26',1,'2018-02-28 20:55:18',3,0),
	(233,NULL,'NASM',NULL,'INFORMATION TECHNOLOGY OF','386041','2018-01-25 13:40:26',1,'2018-02-28 20:55:18',3,0),
	(234,NULL,'NASM',NULL,'EXHIBITS TECHNOLOGY OFC','386042','2018-01-25 13:40:26',1,'2018-02-28 20:55:18',3,0),
	(235,NULL,'NASM',NULL,'EXHIBITS DEPARTMENT','386050','2018-01-25 13:40:26',1,'2018-02-28 20:55:18',3,0),
	(236,NULL,'NASM',NULL,'PROJECT MANAGEMENT OFC','386051','2018-01-25 13:40:26',1,'2018-02-28 20:55:18',3,0),
	(237,NULL,'NASM',NULL,'EXHIBITS DESIGN OFFICE','386052','2018-01-25 13:40:26',1,'2018-02-28 20:55:18',3,0),
	(238,NULL,'NASM',NULL,'EXHIBITS PRODUCTION OFC','386053','2018-01-25 13:40:26',1,'2018-02-28 20:55:18',3,0),
	(239,NULL,'NASM',NULL,'EDUCATION DEPARTMENT','386060','2018-01-25 13:40:26',1,'2018-02-28 20:55:18',3,0),
	(240,NULL,'NASM',NULL,'EXPLAINER PROGRAM','386065','2018-01-25 13:40:26',1,'2018-02-28 20:55:19',3,0),
	(241,NULL,'NASM',NULL,'ADVANCEMENT DEPARTMENT','387000','2018-01-25 13:40:26',1,'2018-02-28 20:55:19',3,0),
	(242,'0000000086120361','SERC','','SI ENVIRON RESEARCH CTR','390000','2018-01-25 13:40:26',1,'2018-03-08 03:46:35',1,1),
	(243,NULL,'SERC',NULL,'GENERAL ADMINISTRATION','391000','2018-01-25 13:40:26',1,'2018-02-28 20:43:36',3,0),
	(244,NULL,'SERC',NULL,'CORE SUPPORT','391500','2018-01-25 13:40:26',1,'2018-02-28 20:43:36',3,0),
	(245,NULL,'SERC',NULL,'ENVIRONMENTAL BIOLOGY','392000','2018-01-25 13:40:26',1,'2018-02-28 20:43:36',3,0),
	(246,NULL,'SERC',NULL,'PUBLIC EDUCATION','394000','2018-01-25 13:40:26',1,'2018-02-28 20:43:36',3,0),
	(247,NULL,'SAO',NULL,'ATOMIC & MOLECULAR PHYSICS','404A50','2018-01-25 13:40:26',1,'2018-02-28 20:57:13',3,0),
	(248,NULL,'SAO',NULL,'CENTRAL ENGINEERING','404E81','2018-01-25 13:40:26',1,'2018-02-28 20:57:13',3,0),
	(249,NULL,'SAO',NULL,'MACHINE SHOP','404E82','2018-01-25 13:40:26',1,'2018-02-28 20:57:13',3,0),
	(250,NULL,'SAO',NULL,'R&G-SPECIAL PROJECTS GRP','404G50','2018-01-25 13:40:26',1,'2018-02-28 20:57:13',3,0),
	(251,NULL,'SAO',NULL,'HIGH ENERGY SCIENCE','404H00','2018-01-25 13:40:26',1,'2018-02-28 20:57:13',3,0),
	(252,NULL,'SAO',NULL,'HEA-HIGH RES CAMERA','404H63','2018-01-25 13:40:26',1,'2018-02-28 20:57:13',3,0),
	(253,NULL,'SAO',NULL,'COMPUTATION FACILITY','404I83','2018-01-25 13:40:26',1,'2018-02-28 20:57:13',3,0),
	(254,NULL,'SAO',NULL,'RADIO TELESCOPE DATA CTR','404I86','2018-01-25 13:40:26',1,'2018-02-28 20:57:13',3,0),
	(255,NULL,'SAO',NULL,'OIR-TELESCOPE DATA CENTER','404I87','2018-01-25 13:40:26',1,'2018-02-28 20:57:13',3,0),
	(256,NULL,'SAO',NULL,'OFFICE OF THE DIRECTOR','404I91','2018-01-25 13:40:26',1,'2018-02-28 20:57:12',3,0),
	(257,NULL,'SAO',NULL,'TRAVEL','404I92','2018-01-25 13:40:26',1,'2018-02-28 20:57:12',3,0),
	(258,NULL,'SAO',NULL,'SPONSORED PROGRAMS AND PRO','404I93','2018-01-25 13:40:26',1,'2018-02-28 20:57:12',3,0),
	(259,NULL,'SAO',NULL,'HUMAN RESOURCES','404I94','2018-01-25 13:40:26',1,'2018-02-28 20:57:13',3,0),
	(260,NULL,'SAO',NULL,'CNTRCTS - GRNTS & PROP MGMT','404I95','2018-01-25 13:40:26',1,'2018-02-28 20:57:13',3,0),
	(261,NULL,'SAO',NULL,'FINANCIAL MANAGEMENT DEPAR','404I96','2018-01-25 13:40:26',1,'2018-03-08 00:30:57',3,0),
	(262,NULL,'SAO',NULL,'LIBRARY','404I97','2018-01-25 13:40:26',1,'2018-02-28 20:57:13',3,0),
	(263,NULL,'SAO',NULL,'SCIENCE EDUCATION','404K82','2018-01-25 13:40:26',1,'2018-02-28 20:57:13',3,0),
	(264,NULL,'SAO',NULL,'OPTICAL & INFRARED SCIENCE','404O50','2018-01-25 13:40:26',1,'2018-02-28 20:57:13',3,0),
	(265,NULL,'SAO',NULL,'OIR-OAK RIDGE OBSERVATORY','404O51','2018-01-25 13:40:26',1,'2018-02-28 20:57:13',3,0),
	(266,NULL,'SAO',NULL,'OIR-INFR-OPT TELESC ARRAY','404O60','2018-01-25 13:40:26',1,'2018-02-28 20:57:13',3,0),
	(267,NULL,'SAO',NULL,'VERITAS OPERATIONS','404O70','2018-01-25 13:40:26',1,'2018-02-28 20:57:13',3,0),
	(268,NULL,'SAO',NULL,'WHIPPLE OBS GENERAL SUPPRT','404O80','2018-01-25 13:40:26',1,'2018-02-28 20:57:13',3,0),
	(269,NULL,'SAO',NULL,'GMTO INSTRUMENT DEVELOPMNT','404O90','2018-01-25 13:40:26',1,'2018-02-28 20:57:13',3,0),
	(270,NULL,'SAO',NULL,'R&G-RADIO ASTRONOMY GROUP','404R50','2018-01-25 13:40:26',1,'2018-02-28 20:57:13',3,0),
	(271,NULL,'SAO',NULL,'R&G-SUBM ARRAY (SMA)','404R60','2018-01-25 13:40:26',1,'2018-02-28 20:57:13',3,0),
	(272,NULL,'SAO',NULL,'R&G-SMA HILO','404R61','2018-01-25 13:40:26',1,'2018-02-28 20:57:13',3,0),
	(273,NULL,'SAO',NULL,'R&G-HAYSTACK','404R62','2018-01-25 13:40:26',1,'2018-02-28 20:57:13',3,0),
	(274,NULL,'SAO',NULL,'R&G-SMA RECEIVER LAB','404R65','2018-01-25 13:40:26',1,'2018-02-28 20:57:13',3,0),
	(275,NULL,'SAO',NULL,'SOLAR - STELLAR & PLANTRY SC','404S50','2018-01-25 13:40:26',1,'2018-02-28 20:57:13',3,0),
	(276,NULL,'SAO',NULL,'SOHO RESEARCH GROUP','404S51','2018-01-25 13:40:26',1,'2018-02-28 20:57:13',3,0),
	(277,NULL,'SAO',NULL,'PLANETARY SCIENCES','404S52','2018-01-25 13:40:26',1,'2018-02-28 20:57:13',3,0),
	(278,NULL,'SAO',NULL,'THEORETICAL ASTROPHYSICS','404T50','2018-01-25 13:40:26',1,'2018-02-28 20:57:13',3,0),
	(279,'0000000449143600','SAO','','SMITHSONIAN ASTROPHY OBS','40XXXX','2018-01-25 13:40:26',1,'2018-03-08 03:46:23',1,1),
	(280,'0000000459324683','OCIO','','OFC CHIEF INFORMATN OFFCR','410000','2018-01-25 13:40:26',1,'2018-03-08 03:45:28',1,1),
	(281,NULL,'OCIO',NULL,'TECH PLNS-PLCYS & PRJ MGT','411000','2018-01-25 13:40:26',1,'2018-02-28 20:55:25',3,0),
	(282,NULL,'OCIO',NULL,'SYS ARCH & PROD ASSURANCE','412000','2018-01-25 13:40:26',1,'2018-02-28 20:55:25',3,0),
	(283,NULL,'OCIO',NULL,'WEB GROUP','412010','2018-01-25 13:40:26',1,'2018-02-28 20:55:25',3,0),
	(284,NULL,'OCIO',NULL,'OFC INFORMATION TECH OPS','413000','2018-01-25 13:40:26',1,'2018-02-28 20:55:25',3,0),
	(285,NULL,'OCIO',NULL,'NETWORK MANAGEMENT DIV','413010','2018-01-25 13:40:26',1,'2018-02-28 20:55:25',3,0),
	(286,NULL,'OCIO',NULL,'CUSTOMER SUPPORT SVC DIV','413020','2018-01-25 13:40:26',1,'2018-02-28 20:55:25',3,0),
	(287,NULL,'OCIO',NULL,'WEB SERVICES DIVISION','413030','2018-01-25 13:40:26',1,'2018-02-28 20:55:25',3,0),
	(288,NULL,'OCIO',NULL,'DATA CTR NTWK SRVR ADMIN','413040','2018-01-25 13:40:26',1,'2018-02-28 20:55:25',3,0),
	(289,NULL,'OCIO',NULL,'OFC SYSTEMS MODERNIZATION','414000','2018-01-25 13:40:26',1,'2018-02-28 20:55:25',3,0),
	(290,NULL,'OCIO',NULL,'FINANCIAL MGMT SYSTEMS DV','414010','2018-01-25 13:40:26',1,'2018-02-28 20:55:25',3,0),
	(291,NULL,'OCIO',NULL,'FACILITIES MGMT SYSTEM DV','414020','2018-01-25 13:40:26',1,'2018-02-28 20:55:25',3,0),
	(292,NULL,'OCIO',NULL,'COLLECTIONS SYSTEMS DIV','414030','2018-01-25 13:40:26',1,'2018-02-28 20:55:25',3,0),
	(293,NULL,'OCIO',NULL,'HR & ADMIN SYSTEMS DV','414040','2018-01-25 13:40:26',1,'2018-02-28 20:55:25',3,0),
	(294,NULL,'OCIO',NULL,'COMPUTER SECURITY STAFF','415000','2018-01-25 13:40:26',1,'2018-02-28 20:55:25',3,0),
	(295,'0000000459324683','OCIO','','DIGITIZATION PROGRAM OFC','416000','2018-01-25 13:40:26',1,'2018-03-08 03:45:50',1,1),
	(296,NULL,'OCIO',NULL,'OFC OF RESEARCH INFO SVCS','417000','2018-01-25 13:40:26',1,'2018-02-28 20:55:25',3,0),
	(297,NULL,'OSEP',NULL,'OFC SP EVENTS & PROTOCOL','420000','2018-01-25 13:40:26',1,'2018-02-28 20:55:26',3,0),
	(298,NULL,'OGR',NULL,'OFC GOVERNMENT RELATIONS','430000','2018-01-25 13:40:26',1,'2018-02-28 20:55:25',3,0),
	(299,NULL,'OSP',NULL,'OFC OF SPONSORED PROJECTS','440000','2018-01-25 13:40:26',1,'2018-02-28 20:55:26',3,0),
	(300,NULL,'AIB',NULL,'ARTS & INDUSTRIES BUILDING','450000','2018-01-25 13:40:26',1,'2018-03-08 00:14:06',3,0),
	(301,NULL,'OF&A',NULL,'OFFICE OF FINANCE & ACCTG','460000','2018-01-25 13:40:26',1,'2018-02-28 20:55:25',3,0),
	(302,NULL,'OF&A',NULL,'DIRECTOR','461000','2018-01-25 13:40:26',1,'2018-02-28 20:55:25',3,0),
	(303,NULL,'OF&A',NULL,'ACCOUNTING OPS','462000','2018-01-25 13:40:26',1,'2018-02-28 20:55:25',3,0),
	(304,NULL,'OF&A',NULL,'ADMIN','463000','2018-01-25 13:40:26',1,'2018-02-28 20:55:25',3,0),
	(305,NULL,'OF&A',NULL,'GENERAL ACCOUNTING','464000','2018-01-25 13:40:26',1,'2018-02-28 20:55:25',3,0),
	(306,NULL,'OF&A',NULL,'TREASURY OPERATIONS','465000','2018-01-25 13:40:26',1,'2018-02-28 20:55:25',3,0),
	(307,NULL,'OF&A',NULL,'RISK MANAGEMENT','467000','2018-01-25 13:40:26',1,'2018-02-28 20:55:25',3,0),
	(308,'0000000458972996','AAA','AAADCD','ARCHIVES OF AMERICAN ART','480000','2018-01-25 13:40:26',1,'2018-03-08 02:56:37',1,1),
	(309,NULL,'AAA',NULL,'OFFICE OF THE DIRECTOR','481000','2018-01-25 13:40:26',1,'2018-02-28 20:38:56',3,0),
	(310,NULL,'AAA',NULL,'INFORMATION RESOURCE MGMT','482000','2018-01-25 13:40:26',1,'2018-02-28 20:38:56',3,0),
	(311,NULL,'AAA',NULL,'COLLECTIONS PROCESSING','482030','2018-01-25 13:40:26',1,'2018-02-28 20:38:56',3,0),
	(312,NULL,'AAA',NULL,'DEVELOPMENT & SPEC EVNTS','483000','2018-01-25 13:40:26',1,'2018-02-28 20:38:56',3,0),
	(313,NULL,'AAA',NULL,'OPERATIONS','484000','2018-01-25 13:40:26',1,'2018-02-28 20:38:56',3,0),
	(314,NULL,'AAA',NULL,'CURATORIAL','485000','2018-01-25 13:40:26',1,'2018-02-28 20:38:56',3,0),
	(315,NULL,'AAA',NULL,'REGISTRAR','485010','2018-01-25 13:40:26',1,'2018-02-28 20:38:56',3,0),
	(316,NULL,'AAA',NULL,'REFERENCE SERVICES','486000','2018-01-25 13:40:26',1,'2018-02-28 20:38:56',3,0),
	(317,NULL,'AAA',NULL,'ARCHIVES JOURNAL','487000','2018-01-25 13:40:26',1,'2018-02-28 20:38:56',3,0),
	(318,NULL,'AAA',NULL,'NY RESEARCH CENTER','488000','2018-01-25 13:40:26',1,'2018-02-28 20:38:56',3,0),
	(319,NULL,'AAA',NULL,'COLLECTIONS PROCESSING','489000','2018-01-25 13:40:26',1,'2018-02-28 20:38:56',3,0),
	(320,'0000000121693449','NMAI','','NATL MUSEUM AMER INDIAN','500000','2018-01-25 13:40:26',1,'2018-03-08 03:39:22',1,1),
	(321,NULL,'NMAI',NULL,'OFFICE OF THE DIRECTOR','501000','2018-01-25 13:40:26',1,'2018-02-28 20:55:20',3,0),
	(322,NULL,'NMAI',NULL,'EXECUTIVE PLANNING OFFICE','501001','2018-01-25 13:40:26',1,'2018-02-28 20:55:20',3,0),
	(323,NULL,'NMAI',NULL,'FINANCIAL PLANNING','501002','2018-01-25 13:40:26',1,'2018-02-28 20:55:20',3,0),
	(324,NULL,'NMAI',NULL,'ADMINISTRATIVE SERVICES','501003','2018-01-25 13:40:26',1,'2018-02-28 20:55:20',3,0),
	(325,NULL,'NMAI',NULL,'OFC OF DEPUTY DIRECTOR','501004','2018-01-25 13:40:26',1,'2018-02-28 20:55:20',3,0),
	(326,NULL,'NMAI',NULL,'MUSEUM ADVANCEMENT','502000','2018-01-25 13:40:26',1,'2018-02-28 20:55:20',3,0),
	(327,NULL,'NMAI',NULL,'EXTERNAL AFFAIRS','502400','2018-01-25 13:40:26',1,'2018-02-28 20:55:20',3,0),
	(328,NULL,'NMAI',NULL,'DEVELOPMENT','502401','2018-01-25 13:40:26',1,'2018-02-28 20:55:20',3,0),
	(329,NULL,'NMAI',NULL,'MARKETING & COMMUNICATION','502402','2018-01-25 13:40:26',1,'2018-02-28 20:55:20',3,0),
	(330,NULL,'NMAI',NULL,'SPECIAL EVENTS','502403','2018-01-25 13:40:26',1,'2018-02-28 20:55:20',3,0),
	(331,NULL,'NMAI',NULL,'MEMBERSHIP','502404','2018-01-25 13:40:26',1,'2018-02-28 20:55:20',3,0),
	(332,NULL,'NMAI',NULL,'GGHC ADVANCEMENT','502405','2018-01-25 13:40:26',1,'2018-02-28 20:55:20',3,0),
	(333,NULL,'NMAI',NULL,'MUSEUM LEARNING AND PRGMS','503000','2018-01-25 13:40:26',1,'2018-02-28 20:55:20',3,0),
	(334,NULL,'NMAI',NULL,'EDUCATION & MUSEUM PGMS','503100','2018-01-25 13:40:26',1,'2018-02-28 20:55:20',3,0),
	(335,NULL,'NMAI',NULL,'SEMINARS AND SYMPOSIA','503101','2018-01-25 13:40:26',1,'2018-02-28 20:55:20',3,0),
	(336,NULL,'NMAI',NULL,'PUBLICATIONS','503102','2018-01-25 13:40:26',1,'2018-02-28 20:55:20',3,0),
	(337,NULL,'NMAI',NULL,'EDUCATION','503103','2018-01-25 13:40:26',1,'2018-02-28 20:55:20',3,0),
	(338,NULL,'NMAI',NULL,'CULTURAL PROGRAMS','503104','2018-01-25 13:40:26',1,'2018-02-28 20:55:20',3,0),
	(339,NULL,'NMAI',NULL,'VISITOR SERVICES','503105','2018-01-25 13:40:26',1,'2018-02-28 20:55:20',3,0),
	(340,NULL,'NMAI',NULL,'MEDIA DEVELOPMENT','503106','2018-01-25 13:40:26',1,'2018-02-28 20:55:20',3,0),
	(341,NULL,'NMAI',NULL,'INTERPRETIVE SERVICES','503107','2018-01-25 13:40:26',1,'2018-02-28 20:55:20',3,0),
	(342,NULL,'NMAI',NULL,'EXHIBITNS - OPS & PGM SUPT','503200','2018-01-25 13:40:26',1,'2018-02-28 20:55:20',3,0),
	(343,NULL,'NMAI',NULL,'EXHIBIT PRODUCTION','503202','2018-01-25 13:40:26',1,'2018-02-28 20:55:21',3,0),
	(344,NULL,'NMAI',NULL,'ADMINISTRATIVE UNIT','503204','2018-01-25 13:40:26',1,'2018-02-28 20:55:21',3,0),
	(345,NULL,'NMAI',NULL,'EXHIBIT DESIGN','503205','2018-01-25 13:40:26',1,'2018-02-28 20:55:21',3,0),
	(346,NULL,'NMAI',NULL,'NEW MEDIA INITIATIVES','503206','2018-01-25 13:40:26',1,'2018-02-28 20:55:21',3,0),
	(347,NULL,'NMAI',NULL,'EDUCATION','503300','2018-01-25 13:40:26',1,'2018-02-28 20:55:21',3,0),
	(348,NULL,'NMAI',NULL,'EDUCATION PROGRAMS','503301','2018-01-25 13:40:26',1,'2018-02-28 20:55:21',3,0),
	(349,NULL,'NMAI',NULL,'NATIONAL EDUC INITIATIVE','503302','2018-01-25 13:40:26',1,'2018-02-28 20:55:21',3,0),
	(350,NULL,'NMAI',NULL,'PROGRAMS','503400','2018-01-25 13:40:26',1,'2018-02-28 20:55:21',3,0),
	(351,NULL,'NMAI',NULL,'MUSEUM PROGRAM RESOURCES','503401','2018-01-25 13:40:26',1,'2018-02-28 20:55:21',3,0),
	(352,NULL,'NMAI',NULL,'PARTNERSHPS & EXTNSN SVCS','503402','2018-01-25 13:40:26',1,'2018-02-28 20:55:21',3,0),
	(353,NULL,'NMAI',NULL,'MALL RESOURCE CENTER','503404','2018-01-25 13:40:26',1,'2018-02-28 20:55:21',3,0),
	(354,NULL,'NMAI',NULL,'GGHC RESOURCE CENTER','503405','2018-01-25 13:40:26',1,'2018-02-28 20:55:21',3,0),
	(355,NULL,'NMAI',NULL,'COMMUNITY PROGRAMS','503406','2018-01-25 13:40:26',1,'2018-02-28 20:55:21',3,0),
	(356,NULL,'NMAI',NULL,'INTERPRETATION','503500','2018-01-25 13:40:26',1,'2018-02-28 20:55:21',3,0),
	(357,NULL,'NMAI',NULL,'VISITOR SERVICES','503501','2018-01-25 13:40:26',1,'2018-02-28 20:55:21',3,0),
	(358,NULL,'NMAI',NULL,'CULTURAL INTERPRETERS','503502','2018-01-25 13:40:26',1,'2018-02-28 20:55:21',3,0),
	(359,NULL,'NMAI',NULL,'IAC-DC','503503','2018-01-25 13:40:26',1,'2018-02-28 20:55:21',3,0),
	(360,NULL,'NMAI',NULL,'IAC-NY','503504','2018-01-25 13:40:26',1,'2018-02-28 20:55:21',3,0),
	(361,NULL,'NMAI',NULL,'COMMNTY & CONSTITUENT SVC','504000','2018-01-25 13:40:26',1,'2018-02-28 20:55:21',3,0),
	(362,NULL,'NMAI',NULL,'MUSEUM COLLECTIONS & OPS','505000','2018-01-25 13:40:26',1,'2018-02-28 20:55:21',3,0),
	(363,NULL,'NMAI',NULL,'MAO OPERATIONS','505001','2018-01-25 13:40:26',1,'2018-02-28 20:55:21',3,0),
	(364,NULL,'NMAI',NULL,'AD COLLECTIONS','505100','2018-01-25 13:40:26',1,'2018-02-28 20:55:21',3,0),
	(365,NULL,'NMAI',NULL,'COLLECTIONS MGMT CRC','505101','2018-01-25 13:40:26',1,'2018-02-28 20:55:21',3,0),
	(366,NULL,'NMAI',NULL,'ARCHIVES','505102','2018-01-25 13:40:26',1,'2018-02-28 20:55:21',3,0),
	(367,NULL,'NMAI',NULL,'CONSERVATION','505103','2018-01-25 13:40:26',1,'2018-02-28 20:55:21',3,0),
	(368,NULL,'NMAI',NULL,'PHOTO SERVICES','505104','2018-01-25 13:40:26',1,'2018-02-28 20:55:21',3,0),
	(369,NULL,'NMAI',NULL,'COLLECTIONS INFO SERVICES','505200','2018-01-25 13:40:26',1,'2018-02-28 20:55:21',3,0),
	(370,NULL,'NMAI',NULL,'REGISTRATION','505202','2018-01-25 13:40:26',1,'2018-02-28 20:55:21',3,0),
	(371,NULL,'NMAI',NULL,'APPLICATIONS','505300','2018-01-25 13:40:26',1,'2018-02-28 20:55:21',3,0),
	(372,NULL,'NMAI',NULL,'COLLECTIONS MGMT DC/NY','505400','2018-01-25 13:40:26',1,'2018-02-28 20:55:21',3,0),
	(373,NULL,'NMAI',NULL,'INFO MGMT & TECHNOLOGY-AD','505500','2018-01-25 13:40:26',1,'2018-02-28 20:55:21',3,0),
	(374,NULL,'NMAI',NULL,'TECHNOLOGY-AV SUPPORT','505501','2018-01-25 13:40:26',1,'2018-02-28 20:55:21',3,0),
	(375,NULL,'NMAI',NULL,'NETWORKS','505502','2018-01-25 13:40:26',1,'2018-02-28 20:55:21',3,0),
	(376,NULL,'NMAI',NULL,'NETWORKS-NY','505503','2018-01-25 13:40:26',1,'2018-02-28 20:55:21',3,0),
	(377,NULL,'NMAI',NULL,'WEB','505600','2018-01-25 13:40:26',1,'2018-02-28 20:55:21',3,0),
	(378,NULL,'NMAI',NULL,'OPERATIONS-AD','505700','2018-01-25 13:40:26',1,'2018-02-28 20:55:21',3,0),
	(379,NULL,'NMAI',NULL,'OPERATIONS','505701','2018-01-25 13:40:26',1,'2018-02-28 20:55:21',3,0),
	(380,NULL,'NMAI',NULL,'FACILITIES','505703','2018-01-25 13:40:26',1,'2018-02-28 20:55:21',3,0),
	(381,NULL,'NMAI',NULL,'GGHC EXECUTIVE OFFICE','506000','2018-01-25 13:40:26',1,'2018-02-28 20:55:21',3,0),
	(382,NULL,'NMAI',NULL,'GGHC-EXHBTS - PGMS & PUB SP','506010','2018-01-25 13:40:26',1,'2018-02-28 20:55:21',3,0),
	(383,NULL,'NMAI',NULL,'GGHC-EXHBTS & PUBLIC SPC','506011','2018-01-25 13:40:26',1,'2018-02-28 20:55:21',3,0),
	(384,NULL,'NMAI',NULL,'GGHC-EDUCATION SERVICES','506012','2018-01-25 13:40:26',1,'2018-02-28 20:55:21',3,0),
	(385,NULL,'NMAI',NULL,'GGHC-FILM & VIDEO','506014','2018-01-25 13:40:26',1,'2018-02-28 20:55:21',3,0),
	(386,NULL,'NMAI',NULL,'GGHC-MALL FILM & VIDEO','506015','2018-01-25 13:40:26',1,'2018-02-28 20:55:21',3,0),
	(387,NULL,'NMAI',NULL,'GGHC-OPERATIONS & PGM SPT','506020','2018-01-25 13:40:26',1,'2018-02-28 20:55:21',3,0),
	(388,NULL,'NMAI',NULL,'GGHC-ADMINISTRATN/FINANCE','506021','2018-01-25 13:40:26',1,'2018-02-28 20:55:21',3,0),
	(389,NULL,'NMAI',NULL,'FACILITIES & SUPPORT SVCS','506022','2018-01-25 13:40:26',1,'2018-02-28 20:55:21',3,0),
	(390,NULL,'NMAI',NULL,'GGHC-NETWORK CONTROL CTR','506023','2018-01-25 13:40:26',1,'2018-02-28 20:55:21',3,0),
	(391,NULL,'NMAI',NULL,'GGHC-OEA&D','506030','2018-01-25 13:40:26',1,'2018-02-28 20:55:21',3,0),
	(392,NULL,'NMAI',NULL,'MUSEUM RESRCH & SCHLRSHIP','507000','2018-01-25 13:40:26',1,'2018-02-28 20:55:21',3,0),
	(393,NULL,'NMAI',NULL,'HISTORY AND CULTURE','507100','2018-01-25 13:40:26',1,'2018-02-28 20:55:21',3,0),
	(394,NULL,'NMAI',NULL,'OFFICE OF LATIN AMERICA','507200','2018-01-25 13:40:26',1,'2018-02-28 20:55:22',3,0),
	(395,NULL,'NMAI',NULL,'COLLECTIONS RESRCH & DOCS','507300','2018-01-25 13:40:26',1,'2018-02-28 20:55:22',3,0),
	(396,NULL,'NMAI',NULL,'NATIVE ARTS','507400','2018-01-25 13:40:26',1,'2018-02-28 20:55:22',3,0),
	(397,NULL,'NMAI',NULL,'REPATRIATION','507500','2018-01-25 13:40:26',1,'2018-02-28 20:55:22',3,0),
	(398,NULL,'NMAI',NULL,'EXHIBITS-OPS & PROGRM SPT','507600','2018-01-25 13:40:26',1,'2018-02-28 20:55:22',3,0),
	(399,NULL,'NMAI',NULL,'EXHIBITS-NY','507601','2018-01-25 13:40:26',1,'2018-02-28 20:55:22',3,0),
	(400,NULL,'NMAI',NULL,'EXHIBIT MANAGEMENT','507602','2018-01-25 13:40:26',1,'2018-02-28 20:55:22',3,0),
	(401,NULL,'NMAI',NULL,'EXHIBIT PRODUCTION','507603','2018-01-25 13:40:26',1,'2018-02-28 20:55:22',3,0),
	(402,NULL,'NMAI',NULL,'EXHIBIT DESIGN','507604','2018-01-25 13:40:26',1,'2018-02-28 20:55:22',3,0),
	(403,NULL,'NMAI',NULL,'WEB AND MEDIA','507700','2018-01-25 13:40:26',1,'2018-02-28 20:55:22',3,0),
	(404,NULL,'NMAI',NULL,'PUBLICATIONS','507701','2018-01-25 13:40:26',1,'2018-02-28 20:55:22',3,0),
	(405,NULL,'NMAI',NULL,'WEB','507702','2018-01-25 13:40:26',1,'2018-02-28 20:55:22',3,0),
	(406,NULL,'NMAI',NULL,'MEDIA','507703','2018-01-25 13:40:26',1,'2018-02-28 20:55:22',3,0),
	(407,'0000000122926486','CFCH','','CTR FOLKLIFE & CLTR HERTG','510000','2018-01-25 13:40:26',1,'2018-03-08 03:00:17',1,1),
	(408,'0000000106710255','CFCH','','SMITHSONIAN FOLKWAYS','513000','2018-01-25 13:40:26',1,'2018-03-08 03:00:44',1,1),
	(409,'0000000458977383','NPG','','NATIONAL PORTRAIT GALLERY','520000','2018-01-25 13:40:26',1,'2018-03-08 03:44:21',1,1),
	(410,NULL,'NPG',NULL,'ADMIN AND OPERATIONS','520100','2018-01-25 13:40:26',1,'2018-02-28 20:55:22',3,0),
	(411,NULL,'NPG',NULL,'EXHBTNS & COLLECTIONS MGMT','520400','2018-01-25 13:40:26',1,'2018-02-28 20:55:22',3,0),
	(412,NULL,'NPG',NULL,'OFFICE OF THE REGISTRAR','520410','2018-01-25 13:40:26',1,'2018-02-28 20:55:22',3,0),
	(413,NULL,'NPG',NULL,'OFC OF PHOTOGRAPHIC SVCS','520420','2018-01-25 13:40:26',1,'2018-02-28 20:55:22',3,0),
	(414,NULL,'NPG',NULL,'OFFICE OF PUBLICATIONS','520600','2018-01-25 13:40:26',1,'2018-02-28 20:55:22',3,0),
	(415,NULL,'NPG',NULL,'NEW MEDIA','520700','2018-01-25 13:40:26',1,'2018-02-28 20:55:22',3,0),
	(416,NULL,'NPG',NULL,'OFFICE OF THE DIRECTOR','521000','2018-01-25 13:40:26',1,'2018-02-28 20:55:22',3,0),
	(417,NULL,'NPG',NULL,'ASSOCIATE DIRECTOR','521010','2018-01-25 13:40:26',1,'2018-02-28 20:55:22',3,0),
	(418,NULL,'NPG',NULL,'CHIEF CURATOR','521020','2018-01-25 13:40:26',1,'2018-02-28 20:55:23',3,0),
	(419,NULL,'NPG',NULL,'PUBLIC AFFAIRS','521100','2018-01-25 13:40:26',1,'2018-02-28 20:55:23',3,0),
	(420,NULL,'NPG',NULL,'ART - HISTORY & RESEARCH','522000','2018-01-25 13:40:26',1,'2018-02-28 20:55:23',3,0),
	(421,NULL,'NPG',NULL,'PAINTING AND SCULPTURE','522100','2018-01-25 13:40:26',1,'2018-02-28 20:55:23',3,0),
	(422,NULL,'NPG',NULL,'PRINTS AND DRAWINGS','522200','2018-01-25 13:40:26',1,'2018-02-28 20:55:23',3,0),
	(423,NULL,'NPG',NULL,'PHOTOGRAPHS','522300','2018-01-25 13:40:26',1,'2018-02-28 20:55:23',3,0),
	(424,NULL,'NPG',NULL,'HISTORY','522400','2018-01-25 13:40:26',1,'2018-02-28 20:55:23',3,0),
	(425,NULL,'NPG',NULL,'EXHIBITIONS','522500','2018-01-25 13:40:26',1,'2018-02-28 20:55:23',3,0),
	(426,NULL,'NPG',NULL,'EDUCATION PROGRAMS','522600','2018-01-25 13:40:26',1,'2018-02-28 20:55:23',3,0),
	(427,NULL,'NPG',NULL,'CONSERVATION','522700','2018-01-25 13:40:26',1,'2018-02-28 20:55:23',3,0),
	(428,NULL,'NPG',NULL,'COLLECTIONS INFO SYSTEMS','522800','2018-01-25 13:40:26',1,'2018-02-28 20:55:23',3,0),
	(429,NULL,'NPG',NULL,'MUS DSN-NEW MEDIA-COLL-OPS','523000','2018-01-25 13:40:26',1,'2018-02-28 20:55:23',3,0),
	(430,NULL,'NPG',NULL,'DESIGN AND PRODUCTION','523100','2018-01-25 13:40:26',1,'2018-02-28 20:55:23',3,0),
	(431,NULL,'NPG',NULL,'REGISTRAR','523200','2018-01-25 13:40:26',1,'2018-02-28 20:55:23',3,0),
	(432,NULL,'NPG',NULL,'NEW MEDIA AND PUBLICATIONS','523300','2018-01-25 13:40:26',1,'2018-02-28 20:55:23',3,0),
	(433,NULL,'NPG',NULL,'COLLECTIONS INFO SYSTEMS','523400','2018-01-25 13:40:26',1,'2018-02-28 20:55:23',3,0),
	(434,NULL,'NPG',NULL,'ADMIN AND OPERATIONS','523500','2018-01-25 13:40:26',1,'2018-02-28 20:55:23',3,0),
	(435,NULL,'NPG',NULL,'VISITOR SERVICES','523600','2018-01-25 13:40:26',1,'2018-02-28 20:55:23',3,0),
	(436,NULL,'NPG',NULL,'EDUC & VISITOR EXPERIENCE','524000','2018-01-25 13:40:26',1,'2018-02-28 20:55:23',3,0),
	(437,NULL,'NPG',NULL,'VISITOR SERVICES','524100','2018-01-25 13:40:26',1,'2018-02-28 20:55:23',3,0),
	(438,NULL,'NPG',NULL,'EXHIBITIONS & COLLCTNS MGT','525000','2018-01-25 13:40:26',1,'2018-02-28 20:55:23',3,0),
	(439,NULL,'NPG',NULL,'DESIGN & PRODUCTION','525100','2018-01-25 13:40:26',1,'2018-02-28 20:55:23',3,0),
	(440,NULL,'NPG',NULL,'REGISTRAR','525200','2018-01-25 13:40:26',1,'2018-02-28 20:55:23',3,0),
	(441,NULL,'NPG',NULL,'EXHIBITIONS','525300','2018-01-25 13:40:26',1,'2018-02-28 20:55:23',3,0),
	(442,NULL,'NPG',NULL,'CONSERVATION','525400','2018-01-25 13:40:26',1,'2018-02-28 20:55:23',3,0),
	(443,NULL,'NPG',NULL,'NEW MEDIA & COMMUNICATIONS','526000','2018-01-25 13:40:26',1,'2018-02-28 20:55:23',3,0),
	(444,NULL,'NPG',NULL,'COMMUNICATIONS','526100','2018-01-25 13:40:26',1,'2018-02-28 20:55:23',3,0),
	(445,NULL,'NPG',NULL,'NEW MEDIA','526200','2018-01-25 13:40:26',1,'2018-02-28 20:55:23',3,0),
	(446,NULL,'NPG',NULL,'FINANCE & OPERATIONS','527000','2018-01-25 13:40:26',1,'2018-02-28 20:55:23',3,0),
	(447,NULL,'NPG',NULL,'ADVANCEMENT','528000','2018-01-25 13:40:26',1,'2018-02-28 20:55:23',3,0),
	(448,NULL,'NPG',NULL,'OFFICE OF PUBLIC AFFAIRS','528010','2018-01-25 13:40:26',1,'2018-02-28 20:55:23',3,0),
	(449,NULL,'NPG',NULL,'OFFICE OF DEVELOPMENT','528200','2018-01-25 13:40:26',1,'2018-02-28 20:55:23',3,0),
	(450,NULL,'NPG',NULL,'SPECIAL EVENTS','528300','2018-01-25 13:40:26',1,'2018-02-28 20:55:23',3,0),
	(451,NULL,'NPG',NULL,'EXT AFFRS & EARNED REVENUE','529000','2018-01-25 13:40:26',1,'2018-02-28 20:55:23',3,0),
	(452,NULL,'NPG',NULL,'EXTERNAL AFFAIRS','529100','2018-01-25 13:40:26',1,'2018-02-28 20:55:23',3,0),
	(453,NULL,'NPG',NULL,'SPECIAL EVENTS','529200','2018-01-25 13:40:26',1,'2018-02-28 20:55:23',3,0),
	(454,NULL,'NPG',NULL,'OFFICE OF PHOTOGRAPHS','529300','2018-01-25 13:40:26',1,'2018-02-28 20:55:23',3,0),
	(455,'0000000458946499','SAAM','','SMITHSONIAN AMER ART MUSM','530000','2018-01-25 13:40:26',1,'2018-03-08 03:46:05',1,1),
	(456,NULL,'SAAM',NULL,'DIRECTOR\'S OFFICE','530100','2018-01-25 13:40:26',1,'2018-02-28 20:55:26',3,0),
	(457,NULL,'SAAM',NULL,'CURATORIAL OFFICE','530200','2018-01-25 13:40:26',1,'2018-02-28 20:55:26',3,0),
	(458,NULL,'SAAM',NULL,'RENWICK GALLERY','530300','2018-01-25 13:40:26',1,'2018-02-28 20:55:26',3,0),
	(459,NULL,'SAAM',NULL,'RESEARCH & SCHOLARS CNTR','530400','2018-01-25 13:40:26',1,'2018-02-28 20:55:26',3,0),
	(460,NULL,'SAAM',NULL,'EDUCATION OFFICE','530500','2018-01-25 13:40:26',1,'2018-02-28 20:55:26',3,0),
	(461,NULL,'SAAM',NULL,'REGISTRAR\'S OFFICE','530600','2018-01-25 13:40:26',1,'2018-02-28 20:55:26',3,0),
	(462,NULL,'SAAM',NULL,'EXHIBITIONS OFFICE','530700','2018-01-25 13:40:26',1,'2018-02-28 20:55:26',3,0),
	(463,NULL,'SAAM',NULL,'ADMINISTRATIVE OFFICE','530800','2018-01-25 13:40:26',1,'2018-02-28 20:55:26',3,0),
	(464,NULL,'SAAM',NULL,'EXTERNAL AFFAIRS OFFICE','530900','2018-01-25 13:40:26',1,'2018-02-28 20:55:27',3,0),
	(465,NULL,'SAAM',NULL,'PUBLICATIONS OFFICE','531000','2018-01-25 13:40:26',1,'2018-02-28 20:55:27',3,0),
	(466,NULL,'SAAM',NULL,'DEVELOPMENT OFFICE','531100','2018-01-25 13:40:26',1,'2018-02-28 20:55:27',3,0),
	(467,NULL,'SAAM',NULL,'MEDIA AND TECHNOLOGY OFC','531200','2018-01-25 13:40:26',1,'2018-02-28 20:55:27',3,0),
	(468,'0000000404394318','FSG','FSGA','FREER/SACKLER GLRY OF ART','540000','2018-01-25 13:40:26',1,'2019-03-26 14:54:05',4,1),
	(469,NULL,'FSG',NULL,'OFFICE OF THE DIRECTOR','541000','2018-01-25 13:40:26',1,'2018-02-28 20:38:57',3,0),
	(470,NULL,'FSG',NULL,'DEVELOPMENT','541200','2018-01-25 13:40:26',1,'2018-02-28 20:38:57',3,0),
	(471,NULL,'FSG',NULL,'FINANCE & ADMINISTRATION','541300','2018-01-25 13:40:26',1,'2018-02-28 20:38:57',3,0),
	(472,NULL,'FSG',NULL,'CURATORIAL','542000','2018-01-25 13:40:26',1,'2018-02-28 20:38:57',3,0),
	(473,NULL,'FSG',NULL,'LIBRARY','542100','2018-01-25 13:40:26',1,'2018-02-28 20:38:57',3,0),
	(474,NULL,'FSG',NULL,'COLLECTIONS MANAGEMENT','542200','2018-01-25 13:40:26',1,'2018-02-28 20:38:57',3,0),
	(475,NULL,'FSG',NULL,'CONSERVATION & SCIENTIFI','542300','2018-01-25 13:40:26',1,'2018-02-28 20:38:57',3,0),
	(476,NULL,'FSG',NULL,'PUBLICATIONS','542500','2018-01-25 13:40:26',1,'2018-02-28 20:38:57',3,0),
	(477,NULL,'FSG',NULL,'EXHIBITIONS DEPARTMENT','542600','2018-01-25 13:40:26',1,'2018-02-28 20:38:57',3,0),
	(478,NULL,'FSG',NULL,'ARCHIVES','542700','2018-01-25 13:40:26',1,'2018-02-28 20:38:57',3,0),
	(479,NULL,'FSG',NULL,'DESIGN & PRODUCTION','543200','2018-01-25 13:40:26',1,'2018-02-28 20:38:57',3,0),
	(480,NULL,'FSG',NULL,'PUBLIC & SCHLRLY ENGMNT','545000','2018-01-25 13:40:26',1,'2018-02-28 20:38:58',3,0),
	(481,NULL,'FSG',NULL,'MARKETING & COMMUNICATIONS','545010','2018-01-25 13:40:26',1,'2018-02-28 20:38:58',3,0),
	(482,NULL,'FSG',NULL,'DIGITAL MEDIA & TECHNOLOGY','546000','2018-01-25 13:40:26',1,'2018-02-28 20:38:58',3,0),
	(483,NULL,'FSG',NULL,'AV & NETWORK SERVICES','546010','2018-01-25 13:40:26',1,'2018-02-28 20:38:58',3,0),
	(484,NULL,'FSG',NULL,'IMAGING & PHOTOGR SERVICES','546020','2018-01-25 13:40:26',1,'2018-02-28 20:38:58',3,0),
	(485,NULL,'FSG',NULL,'WEB','546030','2018-01-25 13:40:26',1,'2018-02-28 20:38:58',3,0),
	(486,'0000000404805762','NMAH','','NATL MUSEUM AMER HISTORY','550000','2018-01-25 13:40:26',1,'2018-03-08 03:38:17',1,1),
	(487,NULL,'NMAH',NULL,'OFFICE OF THE DIRECTOR','550100','2018-01-25 13:40:26',1,'2018-02-28 20:55:20',3,0),
	(488,NULL,'NMAH',NULL,'OFFICE OF PUBLIC AFFAIRS','550115','2018-01-25 13:40:26',1,'2018-02-28 20:55:20',3,0),
	(489,NULL,'NMAH',NULL,'MANAGEMENT & MUSEUM SVCS','551000','2018-01-25 13:40:26',1,'2018-02-28 20:55:20',3,0),
	(490,NULL,'NMAH',NULL,'FINANCE','551011','2018-01-25 13:40:26',1,'2018-02-28 20:55:20',3,0),
	(491,NULL,'NMAH',NULL,'PERSONNEL','551012','2018-01-25 13:40:26',1,'2018-02-28 20:55:20',3,0),
	(492,NULL,'NMAH',NULL,'INTERNS & FELLOWS','551013','2018-01-25 13:40:26',1,'2018-02-28 20:55:20',3,0),
	(493,NULL,'NMAH',NULL,'TECHNOLOGY SERVICES CTR','551020','2018-01-25 13:40:26',1,'2018-02-28 20:55:20',3,0),
	(494,NULL,'NMAH',NULL,'INFORMATION TECHNLGY GRP','551021','2018-01-25 13:40:26',1,'2018-02-28 20:55:20',3,0),
	(495,NULL,'NMAH',NULL,'EXHIBITION TECHNOLOGY GRP','551022','2018-01-25 13:40:26',1,'2018-02-28 20:55:20',3,0),
	(496,NULL,'NMAH',NULL,'PROJECT MANAGEMENT','551030','2018-01-25 13:40:26',1,'2018-02-28 20:55:20',3,0),
	(497,NULL,'NMAH',NULL,'BLDG RENOV & EXHIBTN SVCS','551050','2018-01-25 13:40:26',1,'2018-02-28 20:55:20',3,0),
	(498,NULL,'NMAH',NULL,'EXHIBITS MAINTENANCE','551051','2018-01-25 13:40:26',1,'2018-02-28 20:55:20',3,0),
	(499,NULL,'NMAH',NULL,'EXHIBITS PRODUCTION','551052','2018-01-25 13:40:26',1,'2018-02-28 20:55:20',3,0),
	(500,NULL,'NMAH',NULL,'EXHIBITS DESIGN','551053','2018-01-25 13:40:26',1,'2018-02-28 20:55:20',3,0),
	(501,NULL,'NMAH',NULL,'EDITORIAL SERVICES','551054','2018-01-25 13:40:26',1,'2018-02-28 20:55:20',3,0),
	(502,NULL,'NMAH',NULL,'FACILITIES PLANNING','551060','2018-01-25 13:40:26',1,'2018-02-28 20:55:20',3,0),
	(503,NULL,'NMAH',NULL,'PHOTOGRAPHIC SERVICES','551070','2018-01-25 13:40:26',1,'2018-02-28 20:55:20',3,0),
	(504,NULL,'NMAH',NULL,'EXTERNAL AFFAIRS','551500','2018-01-25 13:40:26',1,'2018-02-28 20:55:20',3,0),
	(505,NULL,'NMAH',NULL,'TRUST SPECIAL EVENTS','551513','2018-01-25 13:40:26',1,'2018-02-28 20:55:20',3,0),
	(506,NULL,'NMAH',NULL,'CURATORIAL AFFAIRS','552000','2018-01-25 13:40:26',1,'2018-02-28 20:55:20',3,0),
	(507,NULL,'NMAH',NULL,'COLLECTIONS SUPPORT','552005','2018-01-25 13:40:26',1,'2018-02-28 20:55:20',3,0),
	(508,NULL,'NMAH',NULL,'COLLECTIONS MGMT SERVICES','552010','2018-01-25 13:40:26',1,'2018-02-28 20:55:20',3,0),
	(509,NULL,'NMAH',NULL,'COLLECTIONS DOCUMNT SVCS','552011','2018-01-25 13:40:26',1,'2018-02-28 20:55:20',3,0),
	(510,NULL,'NMAH',NULL,'OFFSITE STORAGE','552012','2018-01-25 13:40:26',1,'2018-02-28 20:55:20',3,0),
	(511,NULL,'NMAH',NULL,'PRESERVATION SVCS','552013','2018-01-25 13:40:26',1,'2018-02-28 20:55:20',3,0),
	(512,NULL,'NMAH',NULL,'REGISTRATION SVCS','552014','2018-01-25 13:40:26',1,'2018-02-28 20:55:19',3,0),
	(513,NULL,'NMAH',NULL,'AFFILIATIONS','552050','2018-01-25 13:40:26',1,'2018-02-28 20:55:19',3,0),
	(514,NULL,'NMAH',NULL,'HISTORY DEPARTMENT','552060','2018-01-25 13:40:26',1,'2018-02-28 20:55:19',3,0),
	(515,NULL,'NMAH',NULL,'ARCHIVES','552061','2018-01-25 13:40:26',1,'2018-02-28 20:55:19',3,0),
	(516,NULL,'NMAH',NULL,'CULTURE AND THE ARTS','552062','2018-01-25 13:40:26',1,'2018-02-28 20:55:19',3,0),
	(517,NULL,'NMAH',NULL,'HOME AND COMMUNITY LIFE','552063','2018-01-25 13:40:26',1,'2018-02-28 20:55:19',3,0),
	(518,NULL,'NMAH',NULL,'WORK & INDUSTRY','552064','2018-01-25 13:40:26',1,'2018-02-28 20:55:19',3,0),
	(519,NULL,'NMAH',NULL,'INFO TECH & COMMUNICATION','552065','2018-01-25 13:40:26',1,'2018-02-28 20:55:19',3,0),
	(520,NULL,'NMAH',NULL,'MEDICINE AND SCIENCE','552066','2018-01-25 13:40:26',1,'2018-02-28 20:55:19',3,0),
	(521,NULL,'NMAH',NULL,'ARMED FORCES HISTORY','552067','2018-01-25 13:40:26',1,'2018-02-28 20:55:19',3,0),
	(522,NULL,'NMAH',NULL,'POLITICAL HISTORY','552068','2018-01-25 13:40:26',1,'2018-02-28 20:55:19',3,0),
	(523,NULL,'NMAH',NULL,'OFFICE OF PUBLIC PROGRAMS','553000','2018-01-25 13:40:26',1,'2018-02-28 20:55:19',3,0),
	(524,NULL,'NMAH',NULL,'LEMELSON CENTER','553010','2018-01-25 13:40:26',1,'2018-02-28 20:55:20',3,0),
	(525,NULL,'NMAH',NULL,'NEW MEDIA PROGRAMS','553020','2018-01-25 13:40:26',1,'2018-02-28 20:55:20',3,0),
	(526,NULL,'NMAH',NULL,'PGM & STRATEGIC INITIATVS','553030','2018-01-25 13:40:26',1,'2018-02-28 20:55:20',3,0),
	(527,NULL,'NMAH',NULL,'EDUC & PUBLIC ENGAGEMENT','553040','2018-01-25 13:40:26',1,'2018-02-28 20:55:20',3,0),
	(528,NULL,'NMAH',NULL,'DEPT OF VISITOR SERVICES','553080','2018-01-25 13:40:26',1,'2018-02-28 20:55:20',3,0),
	(529,NULL,'NMAH',NULL,'NMAH RESERVES','559999','2018-01-25 13:40:26',1,'2018-02-28 20:55:20',3,0),
	(530,'0000000406379090','HMSG','','HIRSHHORN MSM & SCLPT GDN','560000','2018-01-25 13:40:26',1,'2018-03-08 03:01:24',1,1),
	(531,NULL,'HMSG',NULL,'OFFICE OF THE DIRECTOR','561000','2018-01-25 13:40:26',1,'2018-02-28 20:38:58',3,0),
	(532,NULL,'HMSG',NULL,'ASSOCIATE DIRECTOR','561050','2018-01-25 13:40:26',1,'2018-02-28 20:38:58',3,0),
	(533,NULL,'HMSG',NULL,'ADMIN & SI RELATIONS','562000','2018-01-25 13:40:26',1,'2018-02-28 20:38:58',3,0),
	(534,NULL,'HMSG',NULL,'ART & PROGRAMS DIVISION','563000','2018-01-25 13:40:26',1,'2018-02-28 20:38:58',3,0),
	(535,NULL,'HMSG',NULL,'CURATORIAL','563010','2018-01-25 13:40:26',1,'2018-02-28 20:38:58',3,0),
	(536,NULL,'HMSG',NULL,'PROGRAMS','563030','2018-01-25 13:40:26',1,'2018-02-28 20:38:58',3,0),
	(537,NULL,'HMSG',NULL,'COLLECTION MGMT (CNSRVTN)','563040','2018-01-25 13:40:26',1,'2018-02-28 20:38:58',3,0),
	(538,NULL,'HMSG',NULL,'PUBLICATIONS','563050','2018-01-25 13:40:26',1,'2018-02-28 20:38:58',3,0),
	(539,NULL,'HMSG',NULL,'COLLECTION MGMT (REGISTR)','563070','2018-01-25 13:40:26',1,'2018-02-28 20:38:58',3,0),
	(540,NULL,'HMSG',NULL,'COLLECTION MGMT (PHOTOGR)','563080','2018-01-25 13:40:26',1,'2018-02-28 20:38:58',3,0),
	(541,NULL,'HMSG',NULL,'COLLECTION MANAGEMENT','563100','2018-01-25 13:40:26',1,'2018-02-28 20:38:58',3,0),
	(542,NULL,'HMSG',NULL,'CONSERVATION','563140','2018-01-25 13:40:26',1,'2018-02-28 20:38:58',3,0),
	(543,NULL,'HMSG',NULL,'REGISTRAR','563170','2018-01-25 13:40:26',1,'2018-02-28 20:38:58',3,0),
	(544,NULL,'HMSG',NULL,'PHOTOGRAPHY','563180','2018-01-25 13:40:26',1,'2018-02-28 20:38:58',3,0),
	(545,NULL,'HMSG',NULL,'EXTERNAL AFFAIRS DIVISION','564000','2018-01-25 13:40:26',1,'2018-02-28 20:38:58',3,0),
	(546,NULL,'HMSG',NULL,'EXTERNAL AFFAIRS (DVLPMT)','564010','2018-01-25 13:40:26',1,'2018-02-28 20:38:58',3,0),
	(547,NULL,'HMSG',NULL,'EXT AFFAIRS PUBLICATIONS','564020','2018-01-25 13:40:26',1,'2018-02-28 20:38:58',3,0),
	(548,NULL,'HMSG',NULL,'EXTERNAL AFFAIRS (CM&MTG)','564030','2018-01-25 13:40:26',1,'2018-02-28 20:38:58',3,0),
	(549,NULL,'HMSG',NULL,'SPECIAL EVENTS','564050','2018-01-25 13:40:26',1,'2018-02-28 20:38:58',3,0),
	(550,NULL,'HMSG',NULL,'FINANCIAL MANAGEMENT','565000','2018-01-25 13:40:26',1,'2018-02-28 20:55:18',3,0),
	(551,NULL,'HMSG',NULL,'EXHIBTNS - DSGN & SPEC PRJ','566000','2018-01-25 13:40:26',1,'2018-02-28 20:55:18',3,0),
	(552,NULL,'NMAFA',NULL,'NATL MUSEUM AFRICAN ART','570000','2018-01-25 13:40:26',1,'2018-02-28 20:55:19',3,0),
	(553,NULL,'NMAFA',NULL,'ADMINISTRATION','571000','2018-01-25 13:40:26',1,'2018-02-28 20:55:19',3,0),
	(554,NULL,'NMAFA',NULL,'EXHIBITIONS','572000','2018-01-25 13:40:26',1,'2018-02-28 20:55:19',3,0),
	(555,NULL,'NMAFA',NULL,'PUBLICATIONS','572010','2018-01-25 13:40:26',1,'2018-02-28 20:55:19',3,0),
	(556,NULL,'NMAFA',NULL,'CURATORIAL','573000','2018-01-25 13:40:26',1,'2018-02-28 20:55:19',3,0),
	(557,NULL,'NMAFA',NULL,'CONSERVATION','573010','2018-01-25 13:40:26',1,'2018-02-28 20:55:19',3,0),
	(558,NULL,'NMAFA',NULL,'REGISTRATION','573020','2018-01-25 13:40:26',1,'2018-02-28 20:55:19',3,0),
	(559,NULL,'NMAFA',NULL,'PHOTO ARCHIVES','573030','2018-01-25 13:40:26',1,'2018-02-28 20:55:19',3,0),
	(560,NULL,'NMAFA',NULL,'PHOTOGRAPHY STUDIO','573040','2018-01-25 13:40:26',1,'2018-02-28 20:55:19',3,0),
	(561,NULL,'NMAFA',NULL,'EDUCATION & PUBLIC PGMS','574000','2018-01-25 13:40:26',1,'2018-02-28 20:55:19',3,0),
	(562,NULL,'NMAFA',NULL,'EXTERNAL AFFAIRS DEPT','574100','2018-01-25 13:40:26',1,'2018-02-28 20:55:19',3,0),
	(563,NULL,'NMAFA',NULL,'AUTOMATION','579000','2018-01-25 13:40:26',1,'2018-02-28 20:55:19',3,0),
	(564,'0000000406043167','CHM','','COOPER HEWITT SI DSGN MUS','580000','2018-01-25 13:40:26',1,'2018-03-08 03:00:58',1,1),
	(565,NULL,'CHM',NULL,'DIRECTORS OFFICE','581000','2018-01-25 13:40:26',1,'2018-02-28 20:38:57',3,0),
	(566,NULL,'CHM',NULL,'DIRECTOR','581010','2018-01-25 13:40:26',1,'2018-02-28 20:38:57',3,0),
	(567,NULL,'CHM',NULL,'ADVISORY BOARD','581020','2018-01-25 13:40:26',1,'2018-02-28 20:38:57',3,0),
	(568,NULL,'CHM',NULL,'FINANCE & OPERATIONS','582000','2018-01-25 13:40:26',1,'2018-02-28 20:38:57',3,0),
	(569,NULL,'CHM',NULL,'VISITOR EXPERIENCE','582010','2018-01-25 13:40:26',1,'2018-02-28 20:38:57',3,0),
	(570,NULL,'CHM',NULL,'SHOPS','582011','2018-01-25 13:40:26',1,'2018-02-28 20:38:57',3,0),
	(571,NULL,'CHM',NULL,'FACILITIES','582020','2018-01-25 13:40:26',1,'2018-02-28 20:38:57',3,0),
	(572,NULL,'CHM',NULL,'OPERATIONS','582030','2018-01-25 13:40:26',1,'2018-02-28 20:38:57',3,0),
	(573,NULL,'CHM',NULL,'FINANCE','582040','2018-01-25 13:40:26',1,'2018-02-28 20:38:57',3,0),
	(574,NULL,'CHM',NULL,'INFORMATION TECHNOLOGY','582050','2018-01-25 13:40:26',1,'2018-02-28 20:38:57',3,0),
	(575,NULL,'CHM',NULL,'HUMAN RESOURCES','582060','2018-01-25 13:40:26',1,'2018-02-28 20:38:57',3,0),
	(576,NULL,'CHM',NULL,'EDUCATION','583000','2018-01-25 13:40:26',1,'2018-02-28 20:38:57',3,0),
	(577,NULL,'CHM',NULL,'LIBRARY','583010','2018-01-25 13:40:26',1,'2018-02-28 20:38:57',3,0),
	(578,NULL,'CHM',NULL,'MASTERS PROGRAM','583020','2018-01-25 13:40:26',1,'2018-02-28 20:38:57',3,0),
	(579,NULL,'CHM',NULL,'CURATORIAL','584000','2018-01-25 13:40:26',1,'2018-02-28 20:38:57',3,0),
	(580,NULL,'CHM',NULL,'PRODUCT DESIGN','584010','2018-01-25 13:40:26',1,'2018-03-08 00:16:34',3,0),
	(581,NULL,'CHM',NULL,'DRAWNGS/PRINT/GRAPHIC DSGN','584020','2018-01-25 13:40:26',1,'2018-03-08 00:16:34',3,0),
	(582,NULL,'CHM',NULL,'TEXTILES','584030','2018-01-25 13:40:26',1,'2018-03-08 00:16:34',3,0),
	(583,NULL,'CHM',NULL,'WALLCOVERINGS DIVISION','584040','2018-01-25 13:40:26',1,'2018-02-28 20:38:57',3,0),
	(584,NULL,'CHM',NULL,'EXHIBITIONS','584050','2018-01-25 13:40:26',1,'2018-02-28 20:38:57',3,0),
	(585,NULL,'CHM',NULL,'EXHIBIT STAFFING','584055','2018-01-25 13:40:26',1,'2018-02-28 20:38:57',3,0),
	(586,NULL,'CHM',NULL,'REGISTRARS OFFICE','584060','2018-01-25 13:40:26',1,'2018-02-28 20:38:57',3,0),
	(587,NULL,'CHM',NULL,'REGISTRAR STAFFING','584065','2018-01-25 13:40:26',1,'2018-02-28 20:38:57',3,0),
	(588,NULL,'CHM',NULL,'CONSERVATION DIVISION','584070','2018-01-25 13:40:26',1,'2018-02-28 20:38:57',3,0),
	(589,NULL,'CHM',NULL,'CONSERVATION STAFFING','584075','2018-01-25 13:40:26',1,'2018-02-28 20:38:57',3,0),
	(590,NULL,'CHM',NULL,'RIGHTS & REPRODUCTIONS','584080','2018-01-25 13:40:26',1,'2018-02-28 20:38:57',3,0),
	(591,NULL,'CHM',NULL,'COMMUNICATIONS / MARKETING','585000','2018-01-25 13:40:26',1,'2018-02-28 20:38:57',3,0),
	(592,NULL,'CHM',NULL,'CROSS-PLATFORM PUBLISHING','585010','2018-01-25 13:40:26',1,'2018-02-28 20:38:57',3,0),
	(593,NULL,'CHM',NULL,'DEVELOPMENT AND MEMBERSHIP','586000','2018-01-25 13:40:26',1,'2018-02-28 20:38:57',3,0),
	(594,NULL,'CHM',NULL,'SPECIAL EVENTS','586010','2018-01-25 13:40:26',1,'2018-02-28 20:38:57',3,0),
	(595,NULL,'CHM',NULL,'MEMBERSHIP','586020','2018-01-25 13:40:26',1,'2018-02-28 20:38:57',3,0),
	(596,NULL,'CHM',NULL,'DIGITAL AND EMERGING MEDIA','587000','2018-01-25 13:40:26',1,'2018-02-28 20:38:57',3,0),
	(597,NULL,'SITES',NULL,'SI TRAVELING EXHBTN SVC','610000','2018-01-25 13:40:26',1,'2018-02-28 20:43:39',3,0),
	(598,NULL,'SITES',NULL,'PROGRAM DIVISION','611000','2018-01-25 13:40:26',1,'2018-02-28 20:43:39',3,0),
	(599,NULL,'SITES',NULL,'ADMINISTRATION DIVISION','612000','2018-01-25 13:40:26',1,'2018-02-28 20:43:39',3,0),
	(600,NULL,'SITES',NULL,'SCHEDULING DEPARTMENT','614000','2018-01-25 13:40:26',1,'2018-02-28 20:43:39',3,0),
	(601,NULL,'SITES',NULL,'OFFICE OF DEVELOPMENT','615000','2018-01-25 13:40:26',1,'2018-02-28 20:43:39',3,0),
	(602,NULL,'SITES',NULL,'PUBLIC RELATIONS','616000','2018-01-25 13:40:26',1,'2018-02-28 20:43:39',3,0),
	(603,NULL,'SITES',NULL,'MUSEUMS ON MAIN STREET','617000','2018-01-25 13:40:26',1,'2018-02-28 20:43:39',3,0),
	(604,NULL,'SSEC',NULL,'SM SCIENCE EDUCATION CNTR','620000','2018-01-25 13:40:26',1,'2018-03-08 00:46:03',3,0),
	(605,NULL,'SSEC',NULL,'FINANCE & ADMINISTRATION','621000','2018-01-25 13:40:26',1,'2018-02-28 20:43:39',3,0),
	(606,NULL,'SSEC',NULL,'PROFESSIONAL SERVICES','622000','2018-01-25 13:40:26',1,'2018-02-28 20:43:39',3,0),
	(607,NULL,'SSEC',NULL,'CURRICULUM DEVELOPMENT CT','623000','2018-01-25 13:40:26',1,'2018-02-28 20:43:39',3,0),
	(608,NULL,'SSEC',NULL,'COMMUNICATIONS & PUBLCTNS','624000','2018-01-25 13:40:26',1,'2018-02-28 20:43:39',3,0),
	(609,NULL,'SSEC',NULL,'PROFESSIONAL DEVLPMNT CTR','625000','2018-01-25 13:40:26',1,'2018-02-28 20:43:39',3,0),
	(610,NULL,'SSEC',NULL,'PUBLIC UNDERSTNDNG OF SCI','626000','2018-01-25 13:40:26',1,'2018-02-28 20:43:39',3,0),
	(611,NULL,'SSEC',NULL,'DEVELOPMENT DIVISION','627000','2018-01-25 13:40:26',1,'2018-02-28 20:43:40',3,0),
	(612,'0000000120343957','SIL','','SMITHSONIAN LIBRARIES','630000','2018-01-25 13:40:26',1,'2018-03-08 03:47:10',1,1),
	(613,NULL,'SIL',NULL,'OFC OF DIRECTOR & ADVNCMNT','631000','2018-01-25 13:40:26',1,'2018-02-28 20:43:38',3,0),
	(614,NULL,'SIL',NULL,'RARE BOOKS & SP COLLCTIONS','631010','2018-01-25 13:40:26',1,'2018-02-28 20:43:38',3,0),
	(615,NULL,'SIL',NULL,'CULLMAN LIBRARY','631020','2018-01-25 13:40:26',1,'2018-02-28 20:43:38',3,0),
	(616,NULL,'SIL',NULL,'ADMINISTRATIVE SERVICES','631030','2018-01-25 13:40:26',1,'2018-02-28 20:43:38',3,0),
	(617,NULL,'SIL',NULL,'SHIPPING/RECEIVING SVCS','631031','2018-01-25 13:40:26',1,'2018-02-28 20:43:38',3,0),
	(618,NULL,'SIL',NULL,'DISCOVERY SERVICES','632000','2018-01-25 13:40:26',1,'2018-02-28 20:43:38',3,0),
	(619,NULL,'SIL',NULL,'ACQUISITIONS SERVICES','632010','2018-01-25 13:40:26',1,'2018-02-28 20:43:38',3,0),
	(620,NULL,'SIL',NULL,'PRESERVATION SERVICES','632020','2018-01-25 13:40:26',1,'2018-02-28 20:43:38',3,0),
	(621,NULL,'SIL',NULL,'RARE BOOK CONSERVATION LAB','632021','2018-01-25 13:40:26',1,'2018-02-28 20:43:38',3,0),
	(622,NULL,'SIL',NULL,'CATALOGING SERVICES','632030','2018-01-25 13:40:26',1,'2018-02-28 20:43:38',3,0),
	(623,NULL,'SIL',NULL,'INTERLIBRARY LOAN SERVICES','632040','2018-01-25 13:40:26',1,'2018-02-28 20:43:38',3,0),
	(624,NULL,'SIL',NULL,'DEPUTY DIRECTOR','634000','2018-01-25 13:40:26',1,'2018-02-28 20:43:38',3,0),
	(625,NULL,'SIL',NULL,'NMAA/NPG LIBRARY','634011','2018-01-25 13:40:26',1,'2018-02-28 20:43:38',3,0),
	(626,NULL,'SIL',NULL,'AFRICAN ART BRANCH LIBRARY','634012','2018-01-25 13:40:26',1,'2018-02-28 20:43:38',3,0),
	(627,NULL,'SIL',NULL,'COOPER HEWITT BRANCH LIBR','634013','2018-01-25 13:40:26',1,'2018-02-28 20:43:38',3,0),
	(628,NULL,'SIL',NULL,'FREER/SACKLER GALLERY LIBR','634014','2018-01-25 13:40:26',1,'2018-02-28 20:43:38',3,0),
	(629,NULL,'SIL',NULL,'HIRSHHORN LIBRARY','634015','2018-01-25 13:40:26',1,'2018-02-28 20:43:38',3,0),
	(630,NULL,'SIL',NULL,'NASM BRANCH LIBRARY','634021','2018-01-25 13:40:26',1,'2018-02-28 20:43:38',3,0),
	(631,NULL,'SIL',NULL,'NMAH BRANCH LIBRARY','634022','2018-01-25 13:40:26',1,'2018-02-28 20:43:38',3,0),
	(632,NULL,'SIL',NULL,'ANACOSTIA BRANCH LIBRARY','634023','2018-01-25 13:40:26',1,'2018-02-28 20:43:38',3,0),
	(633,NULL,'SIL',NULL,'NPM BRANCH LIBRARY','634024','2018-01-25 13:40:26',1,'2018-02-28 20:43:38',3,0),
	(634,NULL,'SIL',NULL,'NMAI BRANCH LIBRARY','634025','2018-01-25 13:40:26',1,'2018-02-28 20:43:38',3,0),
	(635,NULL,'SIL',NULL,'RESEARCH ANNEX','634026','2018-01-25 13:40:26',1,'2018-02-28 20:43:38',3,0),
	(636,NULL,'SIL',NULL,'ANTHROPOLOGY BRANCH LIBR','634041','2018-01-25 13:40:26',1,'2018-02-28 20:43:38',3,0),
	(637,NULL,'SIL',NULL,'BOTANY & HORTICULTURE LIBR','634042','2018-01-25 13:40:26',1,'2018-02-28 20:43:38',3,0),
	(638,NULL,'SIL',NULL,'ENVIRONMENTAL RESEARCH CTR','634043','2018-01-25 13:40:26',1,'2018-02-28 20:43:38',3,0),
	(639,NULL,'SIL',NULL,'NMNH BRANCH LIBRARY','634044','2018-01-25 13:40:26',1,'2018-02-28 20:43:38',3,0),
	(640,NULL,'SIL',NULL,'NZP BRANCH LIBRARY','634045','2018-01-25 13:40:26',1,'2018-02-28 20:43:38',3,0),
	(641,NULL,'SIL',NULL,'MUSEUM SUPPORT CENTER LIBR','634046','2018-01-25 13:40:26',1,'2018-02-28 20:43:38',3,0),
	(642,NULL,'SIL',NULL,'NMAAHC LIBRARY','634047','2018-01-25 13:40:26',1,'2018-02-28 20:43:38',3,0),
	(643,NULL,'SIL',NULL,'BIODIVERSITY HERITAGE LBRY','637000','2018-01-25 13:40:26',1,'2018-03-08 00:45:27',3,0),
	(644,NULL,'SIL',NULL,'DIGITAL PGMS & INITIATIVES','638000','2018-01-25 13:40:26',1,'2018-02-28 20:43:38',3,0),
	(645,NULL,'SIL',NULL,'WEB SERVICES DEPT','638010','2018-01-25 13:40:26',1,'2018-02-28 20:43:38',3,0),
	(646,NULL,'SIL',NULL,'INFORMATION SERVICES DEPT','638020','2018-01-25 13:40:26',1,'2018-02-28 20:43:38',3,0),
	(647,'0000000459026221','MCI','','MUSEUM CONSERVATION INST','640000','2018-01-25 13:40:26',1,'2018-03-08 03:01:36',1,1),
	(648,NULL,'OPA',NULL,'OFFICE OF PUBLIC AFFAIRS','650000','2018-01-25 13:40:26',1,'2018-02-28 20:55:26',3,0),
	(649,NULL,'OPA',NULL,'MANAGEMENT','651100','2018-01-25 13:40:26',1,'2018-02-28 20:55:26',3,0),
	(650,NULL,'OPA',NULL,'ADMINISTRATION','651200','2018-01-25 13:40:26',1,'2018-02-28 20:55:26',3,0),
	(651,NULL,'OPA',NULL,'MEDIA RELATIONS','651400','2018-01-25 13:40:26',1,'2018-02-28 20:55:26',3,0),
	(652,NULL,'OPA',NULL,'SOCIAL MEDIA','651500','2018-01-25 13:40:26',1,'2018-02-28 20:55:26',3,0),
	(653,NULL,'ASCEA',NULL,'ASST SECR COMM & EXT AFR','660000','2018-01-25 13:40:26',1,'2018-02-28 20:38:57',3,0),
	(654,NULL,'OCEA',NULL,'STRATEGIC COMMUNICATIONS','661000','2018-01-25 13:40:26',1,'2018-02-28 20:55:25',3,0),
	(655,'0000000404805885','NMAAHC','','NATL MSM AFR AMER HIST & CULTR','680000','2018-01-25 13:40:26',1,'2018-03-08 03:01:49',1,1),
	(656,NULL,'NMAAHC',NULL,'OFFICE OF THE DIRECTOR','681000','2018-01-25 13:40:26',1,'2018-02-28 20:55:19',3,0),
	(657,NULL,'NMAAHC',NULL,'OFC OF PRJ MGMT & PLNG','681001','2018-01-25 13:40:26',1,'2018-02-28 20:55:19',3,0),
	(658,NULL,'NMAAHC',NULL,'EXHIBITIONS & PROJECTS','681002','2018-01-25 13:40:26',1,'2018-02-28 20:55:19',3,0),
	(659,NULL,'NMAAHC',NULL,'OFC EXT AFRS /  ADVNCMT','682000','2018-01-25 13:40:26',1,'2018-02-28 20:55:19',3,0),
	(660,NULL,'NMAAHC',NULL,'SPECIAL EVENTS','682001','2018-01-25 13:40:26',1,'2018-02-28 20:55:19',3,0),
	(661,NULL,'NMAAHC',NULL,'SOCIAL MEDIA','682002','2018-01-25 13:40:26',1,'2018-02-28 20:55:19',3,0),
	(662,NULL,'NMAAHC',NULL,'PUBLIC AFFAIRS','683000','2018-01-25 13:40:26',1,'2018-02-28 20:55:19',3,0),
	(663,NULL,'NMAAHC',NULL,'OFFICE OF OPERATIONS','684000','2018-01-25 13:40:26',1,'2018-02-28 20:55:19',3,0),
	(664,NULL,'NMAAHC',NULL,'FINANCE','684001','2018-01-25 13:40:26',1,'2018-02-28 20:55:19',3,0),
	(665,NULL,'NMAAHC',NULL,'HUMAN RESOURCES','684002','2018-01-25 13:40:26',1,'2018-02-28 20:55:19',3,0),
	(666,NULL,'NMAAHC',NULL,'INFORMATION TECHNOLOGY','684003','2018-01-25 13:40:26',1,'2018-02-28 20:55:19',3,0),
	(667,NULL,'NMAAHC',NULL,'FACIL PLNG & BUS PGMS','684004','2018-01-25 13:40:26',1,'2018-02-28 20:55:19',3,0),
	(668,NULL,'NMAAHC',NULL,'OFC CURATORIAL AFFAIRS','685000','2018-01-25 13:40:26',1,'2018-02-28 20:55:19',3,0),
	(669,NULL,'NMAAHC',NULL,'OFFICE OF COLLECTIONS','685001','2018-01-25 13:40:26',1,'2018-02-28 20:55:19',3,0),
	(670,NULL,'NMAAHC',NULL,'CURATORIAL ARTS','685002','2018-01-25 13:40:26',1,'2018-02-28 20:55:19',3,0),
	(671,NULL,'NMAAHC',NULL,'CURATORIAL HISTORY','685003','2018-01-25 13:40:26',1,'2018-02-28 20:55:19',3,0),
	(672,NULL,'NMAAHC',NULL,'CURATORIAL CULTURE','685004','2018-01-25 13:40:26',1,'2018-02-28 20:55:19',3,0),
	(673,NULL,'NMAAHC',NULL,'EDUCATION','686000','2018-01-25 13:40:26',1,'2018-02-28 20:55:19',3,0),
	(674,NULL,'NMAAHC',NULL,'STRATEGIC PARTNERSHIPS','687000','2018-01-25 13:40:26',1,'2018-02-28 20:55:19',3,0),
	(675,'0000000105178260','ACM','','ANACOSTIA COMMUNITY MUSEUM','690000','2018-01-25 13:40:26',1,'2018-03-08 02:59:40',1,1),
	(676,NULL,'ACM',NULL,'OFFICE OF THE DIRECTOR','691000','2018-01-25 13:40:26',1,'2018-02-28 20:38:56',3,0),
	(677,NULL,'ACM',NULL,'FINANCE & ADMINISTRATION','692000','2018-01-25 13:40:26',1,'2018-02-28 20:38:56',3,0),
	(678,NULL,'ACM',NULL,'COLLECTIONS & RESEARCH','693000','2018-01-25 13:40:26',1,'2018-02-28 20:38:56',3,0),
	(679,NULL,'ACM',NULL,'DEVELOPMENT OPERATIONS','694000','2018-01-25 13:40:26',1,'2018-02-28 20:38:56',3,0),
	(680,NULL,'ACM',NULL,'EDUCATION SUPPORT','695020','2018-01-25 13:40:26',1,'2018-02-28 20:38:57',3,0),
	(681,'0000000449022403','APAC','','ASIAN PACIFIC AMER CENTER','710000','2018-01-25 13:40:26',1,'2018-03-08 02:59:53',1,1),
	(682,NULL,'SIE',NULL,'SMITHSONIAN EXHIBITS','720000','2018-01-25 13:40:26',1,'2018-02-28 20:43:38',3,0),
	(683,NULL,'SIE',NULL,'OFFICE OF THE DIRECTOR','721000','2018-01-25 13:40:26',1,'2018-02-28 20:43:38',3,0),
	(684,NULL,'SIE',NULL,'ADMINISTRATION UNIT','722000','2018-01-25 13:40:26',1,'2018-02-28 20:43:38',3,0),
	(685,NULL,'SIE',NULL,'EXHIBIT PLANNING UNIT','723000','2018-01-25 13:40:26',1,'2018-02-28 20:43:38',3,0),
	(686,NULL,'SIE',NULL,'DESIGN UNIT','724000','2018-01-25 13:40:26',1,'2018-02-28 20:43:38',3,0),
	(687,NULL,'SIE',NULL,'GRAPHICS UNIT','725000','2018-01-25 13:40:26',1,'2018-02-28 20:43:38',3,0),
	(688,NULL,'SIE',NULL,'3D STUDIO','726000','2018-01-25 13:40:26',1,'2018-02-28 20:43:38',3,0),
	(689,NULL,'SIE',NULL,'FABRICATION UNIT','727000','2018-01-25 13:40:26',1,'2018-02-28 20:43:38',3,0),
	(690,NULL,'SIE',NULL,'SPECIAL EXHIBITIONS DIV','728000','2018-01-25 13:40:26',1,'2018-02-28 20:43:38',3,0),
	(691,NULL,'SF',NULL,'SMITHSONIAN FACILITIES','730000','2018-01-25 13:40:26',1,'2018-02-28 20:43:36',3,0),
	(692,NULL,'SF',NULL,'SMITHSONIAN FACILITIES','731000','2018-01-25 13:40:26',1,'2018-02-28 20:43:36',3,0),
	(693,NULL,'SF',NULL,'BUS ADM & TECH SVC(BATS)','731100','2018-01-25 13:40:26',1,'2018-02-28 20:43:36',3,0),
	(694,NULL,'SF',NULL,'BATS-FINANCL & ASSET MGMT','731200','2018-01-25 13:40:26',1,'2018-02-28 20:43:36',3,0),
	(695,NULL,'SF',NULL,'FINANCIAL MGMT & S&E SECT','731210','2018-01-25 13:40:26',1,'2018-02-28 20:43:36',3,0),
	(696,NULL,'SF',NULL,'FINANCIAL MGT CAPITAL SEC','731220','2018-01-25 13:40:26',1,'2018-02-28 20:43:36',3,0),
	(697,NULL,'SF',NULL,'ASSET MANAGEMENT SECTION','731230','2018-01-25 13:40:26',1,'2018-02-28 20:43:36',3,0),
	(698,NULL,'SF',NULL,'BATS-PERSONNEL MGMT DIV','731300','2018-01-25 13:40:26',1,'2018-02-28 20:43:36',3,0),
	(699,NULL,'SF',NULL,'HUMAN CAPITAL SECTION','731310','2018-01-25 13:40:26',1,'2018-02-28 20:43:36',3,0),
	(700,NULL,'SF',NULL,'STRATEGIC MGMT SECTION','731320','2018-01-25 13:40:26',1,'2018-02-28 20:43:37',3,0),
	(701,NULL,'SF',NULL,'COMMUNCTN & TECHNLGY SECT','731330','2018-01-25 13:40:26',1,'2018-02-28 20:43:37',3,0),
	(702,NULL,'SF',NULL,'BATS-COMMUNICATIONS DIV','731400','2018-01-25 13:40:26',1,'2018-02-28 20:43:37',3,0),
	(703,NULL,'SF',NULL,'BATS-GEOSPATIAL INFO DIV','731500','2018-01-25 13:40:26',1,'2018-02-28 20:43:37',3,0),
	(704,NULL,'SF',NULL,'BATS-OFC OF EMERGENCY MGMT','731900','2018-01-25 13:40:26',1,'2018-02-28 20:43:37',3,0),
	(705,NULL,'SF',NULL,'OFC FACLTY MGMT & REL DIV','732000','2018-01-25 13:40:26',1,'2018-02-28 20:43:37',3,0),
	(706,NULL,'SF',NULL,'OFMR-POLICY AND ANALYSIS','732001','2018-01-25 13:40:26',1,'2018-02-28 20:43:37',3,0),
	(707,NULL,'SF',NULL,'OFMR-ENERGY MANAGEMENT','732002','2018-01-25 13:40:26',1,'2018-02-28 20:43:37',3,0),
	(708,NULL,'SF',NULL,'OFMR-MAINTENANCE PROJECTS','732003','2018-01-25 13:40:26',1,'2018-02-28 20:43:37',3,0),
	(709,NULL,'SF',NULL,'OFMR-S.MALL-HMG-AI-SI-FSG','732100','2018-01-25 13:40:26',1,'2018-02-28 20:43:37',3,0),
	(710,NULL,'SF',NULL,'OFMR-GALLRY PL-POB-RENWICK','732200','2018-01-25 13:40:26',1,'2018-02-28 20:43:37',3,0),
	(711,NULL,'SF',NULL,'OFMR-VICTOR BUILDING','732201','2018-01-25 13:40:26',1,'2018-02-28 20:43:37',3,0),
	(712,NULL,'SF',NULL,'OFMR-STLND-AM-GRBR-MSC-CRC','732300','2018-01-25 13:40:26',1,'2018-02-28 20:43:37',3,0),
	(713,NULL,'SF',NULL,'OFMR-E.MALL-NASM-HZY-NMAI','732400','2018-01-25 13:40:26',1,'2018-02-28 20:43:37',3,0),
	(714,NULL,'SF',NULL,'OFMR-N.MALL-NMNH','732500','2018-01-25 13:40:26',1,'2018-02-28 20:43:37',3,0),
	(715,NULL,'SF',NULL,'OFMR-CENTRAL SHOPS','732501','2018-01-25 13:40:26',1,'2018-02-28 20:43:37',3,0),
	(716,NULL,'SF',NULL,'OFMR-UPR NW-NZP-CNS RS CTR','732600','2018-01-25 13:40:26',1,'2018-02-28 20:43:37',3,0),
	(717,NULL,'SF',NULL,'OFMR-UNWZ-SCBI','732610','2018-01-25 13:40:26',1,'2018-02-28 20:43:37',3,0),
	(718,NULL,'SF',NULL,'OFMR-W.MALL-NMAH-NWGTN WRH','732700','2018-01-25 13:40:26',1,'2018-02-28 20:43:37',3,0),
	(719,NULL,'SF',NULL,'OFMR-SERC','732800','2018-01-25 13:40:26',1,'2018-02-28 20:43:37',3,0),
	(720,NULL,'SF',NULL,'OFMR-NY MAINTENANCE','732810','2018-01-25 13:40:26',1,'2018-02-28 20:43:37',3,0),
	(721,NULL,'SF',NULL,'OFC FACLTY MGMT & REL DIV','733000','2018-01-25 13:40:26',1,'2018-02-28 20:43:37',3,0),
	(722,NULL,'SF',NULL,'OFMR-SYSTEMS ENGINEERING','733100','2018-01-25 13:40:26',1,'2018-02-28 20:43:37',3,0),
	(723,NULL,'SF',NULL,'OFMR-BUSINESS OPERATIONS','733200','2018-01-25 13:40:26',1,'2018-02-28 20:43:37',3,0),
	(724,NULL,'SF',NULL,'OFMR-WORK MGMT CENTER','733210','2018-01-25 13:40:26',1,'2018-02-28 20:43:37',3,0),
	(725,NULL,'SF',NULL,'OFMR-MUSEUM SUPPORT SRVCS','733300','2018-01-25 13:40:26',1,'2018-02-28 20:43:37',3,0),
	(726,NULL,'SF',NULL,'OFMR-SAFETY','733310','2018-01-25 13:40:26',1,'2018-02-28 20:43:37',3,0),
	(727,NULL,'SF',NULL,'OFMR-TRANSPORTATION OPS','733320','2018-01-25 13:40:26',1,'2018-02-28 20:43:37',3,0),
	(728,NULL,'SF',NULL,'OFMR-TRANSPORTATION REPR','733330','2018-01-25 13:40:26',1,'2018-02-28 20:43:37',3,0),
	(729,NULL,'SF',NULL,'OFMR-MAIL SERVICES','733340','2018-01-25 13:40:26',1,'2018-02-28 20:43:37',3,0),
	(730,NULL,'SF',NULL,'OFMR-AUDIO VISUAL','733350','2018-01-25 13:40:26',1,'2018-02-28 20:43:37',3,0),
	(731,NULL,'SF',NULL,'OFMR-METRO SUPPORT','733360','2018-01-25 13:40:26',1,'2018-02-28 20:43:37',3,0),
	(732,NULL,'SF',NULL,'OFMR-SMITHSONIAN GARDENS','733400','2018-01-25 13:40:26',1,'2018-02-28 20:43:37',3,0),
	(733,NULL,'SF',NULL,'OFMR-GROUNDS MANAGEMENT','733410','2018-01-25 13:40:26',1,'2018-02-28 20:43:37',3,0),
	(734,NULL,'SF',NULL,'OFMR-GREENHOUSE/NURSERY','733420','2018-01-25 13:40:26',1,'2018-02-28 20:43:37',3,0),
	(735,NULL,'SF',NULL,'OFMR-COLLCTNS MGMT & EDUC','733430','2018-01-25 13:40:26',1,'2018-02-28 20:43:37',3,0),
	(736,NULL,'SF',NULL,'PLANNG-DSGN & CNST (OPDC)','734000','2018-01-25 13:40:26',1,'2018-02-28 20:43:37',3,0),
	(737,NULL,'SF',NULL,'OPDC-FACIL INV & COST ENG','734010','2018-01-25 13:40:26',1,'2018-02-28 20:43:37',3,0),
	(738,NULL,'SF',NULL,'OPDC-ADMV & TECH SUPRT','734020','2018-01-25 13:40:26',1,'2018-02-28 20:43:37',3,0),
	(739,NULL,'SF',NULL,'ODPC-PLNG & PROG MGMT DIV','734100','2018-01-25 13:40:26',1,'2018-02-28 20:43:37',3,0),
	(740,NULL,'SF',NULL,'OPDC-PROG MGMT BR','734110','2018-01-25 13:40:26',1,'2018-02-28 20:43:37',3,0),
	(741,NULL,'SF',NULL,'OPDC-REAL ESTATE BR','734120','2018-01-25 13:40:26',1,'2018-02-28 20:43:37',3,0),
	(742,NULL,'SF',NULL,'OPDC-MASTER PLNG BR','734130','2018-01-25 13:40:26',1,'2018-02-28 20:43:37',3,0),
	(743,NULL,'SF',NULL,'OPDC-ARC HST/HST PRES BR','734140','2018-01-25 13:40:26',1,'2018-02-28 20:43:37',3,0),
	(744,NULL,'SF',NULL,'OPDC-ENGRG & DESIGN DIV','734200','2018-01-25 13:40:26',1,'2018-02-28 20:43:37',3,0),
	(745,NULL,'SF',NULL,'OPDC-ENG & DSGN-N MALL BR','734210','2018-01-25 13:40:26',1,'2018-02-28 20:43:37',3,0),
	(746,NULL,'SF',NULL,'OPDC-ENG & DSGN-OFF-MALL','734220','2018-01-25 13:40:26',1,'2018-02-28 20:43:37',3,0),
	(747,NULL,'SF',NULL,'OPDC-ENG & DSGN-S MALL BR','734230','2018-01-25 13:40:26',1,'2018-02-28 20:43:37',3,0),
	(748,NULL,'SF',NULL,'OPDC-ENG & DSGN-ZOO BR','734240','2018-01-25 13:40:26',1,'2018-02-28 20:43:37',3,0),
	(749,NULL,'SF',NULL,'OPDC-CONSTRUCTION DIV','734300','2018-01-25 13:40:26',1,'2018-02-28 20:43:37',3,0),
	(750,NULL,'SF',NULL,'OPDC-CONST DIV-N MALL BR','734310','2018-01-25 13:40:26',1,'2018-02-28 20:43:37',3,0),
	(751,NULL,'SF',NULL,'OPDC-CONST DIV-OFF-MALL BR','734320','2018-01-25 13:40:26',1,'2018-02-28 20:43:37',3,0),
	(752,NULL,'SF',NULL,'OPDC-CONST DIV-S MALL BR','734330','2018-01-25 13:40:26',1,'2018-02-28 20:43:37',3,0),
	(753,NULL,'SF',NULL,'OPDC-CONST DIV-ZOO BR','734340','2018-01-25 13:40:26',1,'2018-02-28 20:43:37',3,0),
	(754,NULL,'SF',NULL,'OPDC-PR MGMT & PR EXEC BR','734400','2018-01-25 13:40:26',1,'2018-02-28 20:43:38',3,0),
	(755,NULL,'SF',NULL,'OPDC-REQUIREMENTS BRANCH','734500','2018-01-25 13:40:26',1,'2018-02-28 20:43:38',3,0),
	(756,NULL,'SF',NULL,'NMAAHC FF&E','735000','2018-01-25 13:40:26',1,'2018-02-28 20:43:38',3,0),
	(757,NULL,'SF',NULL,'FF&E-DSGN & CNST MGT(S&E)','735100','2018-01-25 13:40:26',1,'2018-02-28 20:43:38',3,0),
	(758,NULL,'SF',NULL,'FF&E-DSGN & CNST MGT(CAP)','735200','2018-01-25 13:40:26',1,'2018-02-28 20:43:38',3,0),
	(759,NULL,'SF',NULL,'FF&E-ENG & TECH SVCS BRCH','735300','2018-01-25 13:40:26',1,'2018-02-28 20:43:38',3,0),
	(760,NULL,'SF',NULL,'FF&E-COST ENGINEERING BR','735400','2018-01-25 13:40:26',1,'2018-02-28 20:43:38',3,0),
	(761,NULL,'SF',NULL,'SMITHSONIAN GARDENS (SG)','736000','2018-01-25 13:40:26',1,'2018-02-28 20:43:38',3,0),
	(762,NULL,'SF',NULL,'SG GROUNDS-OPS & MAINT','736100','2018-01-25 13:40:26',1,'2018-02-28 20:43:38',3,0),
	(763,NULL,'SF',NULL,'SG GREENHOUSE NURSERY','736200','2018-01-25 13:40:26',1,'2018-02-28 20:43:38',3,0),
	(764,NULL,'SF',NULL,'SG HORT COLL MGMT & EDUC','736300','2018-01-25 13:40:26',1,'2018-02-28 20:43:38',3,0),
	(765,NULL,'SF',NULL,'SG FINANCE & ADMIN BRANCH','736400','2018-01-25 13:40:26',1,'2018-02-28 20:43:38',3,0),
	(766,NULL,'SF',NULL,'OFC SFTY-HLTH-ENV MGT DIV','737000','2018-01-25 13:40:26',1,'2018-02-28 20:43:38',3,0),
	(767,NULL,'SF',NULL,'OSHEM-ENVIRONMNTL MGMT DIV','737100','2018-01-25 13:40:26',1,'2018-02-28 20:43:38',3,0),
	(768,NULL,'SF',NULL,'OSHEM-FIRE DIVISION','737200','2018-01-25 13:40:26',1,'2018-02-28 20:43:36',3,0),
	(769,NULL,'SF',NULL,'OSHEM-OCCUP HEALTH SVC DIV','737300','2018-01-25 13:40:26',1,'2018-02-28 20:43:36',3,0),
	(770,NULL,'SF',NULL,'OSHEM-SAFETY DIVISION','737400','2018-01-25 13:40:26',1,'2018-02-28 20:43:36',3,0),
	(771,NULL,'SOPS',NULL,'SI OFC OF PROTECTIVE SVCS','738000','2018-01-25 13:40:26',1,'2018-02-28 20:43:39',3,0),
	(772,NULL,'SOPS',NULL,'DEPUTY DIR-OPERATIONS','738100','2018-01-25 13:40:26',1,'2018-02-28 20:43:39',3,0),
	(773,NULL,'SOPS',NULL,'SAFETY DIVISION','738101','2018-01-25 13:40:26',1,'2018-02-28 20:43:39',3,0),
	(774,NULL,'SOPS',NULL,'CENTRAL CONTROL','738102','2018-01-25 13:40:26',1,'2018-02-28 20:43:39',3,0),
	(775,NULL,'SOPS',NULL,'QUAD/FREER','738130','2018-01-25 13:40:26',1,'2018-02-28 20:43:39',3,0),
	(776,NULL,'SOPS',NULL,'AI/SI ZONE','738140','2018-01-25 13:40:26',1,'2018-02-28 20:43:39',3,0),
	(777,NULL,'SOPS',NULL,'HMSG ZONE','738150','2018-01-25 13:40:26',1,'2018-02-28 20:43:39',3,0),
	(778,NULL,'SOPS',NULL,'DWRC UNIT','738161','2018-01-25 13:40:26',1,'2018-02-28 20:43:39',3,0),
	(779,NULL,'SOPS',NULL,'RENWICK UNIT','738162','2018-01-25 13:40:26',1,'2018-02-28 20:43:39',3,0),
	(780,NULL,'SOPS',NULL,'SUITLAND UNIT','738170','2018-01-25 13:40:26',1,'2018-02-28 20:43:39',3,0),
	(781,NULL,'SOPS',NULL,'SERC','738174','2018-01-25 13:40:26',1,'2018-02-28 20:43:39',3,0),
	(782,NULL,'SOPS',NULL,'PENNSY DRIVE','738175','2018-01-25 13:40:26',1,'2018-02-28 20:43:39',3,0),
	(783,NULL,'SOPS',NULL,'NMAAHC','738178','2018-01-25 13:40:26',1,'2018-02-28 20:43:39',3,0),
	(784,NULL,'SOPS',NULL,'NASM ZONE','738180','2018-01-25 13:40:26',1,'2018-02-28 20:43:39',3,0),
	(785,NULL,'SOPS',NULL,'HAZY ZONE','738190','2018-01-25 13:40:26',1,'2018-02-28 20:43:39',3,0),
	(786,NULL,'SOPS',NULL,'NMAI MALL ZONE','738191','2018-01-25 13:40:26',1,'2018-02-28 20:43:39',3,0),
	(787,NULL,'SOPS',NULL,'NATURAL HISTORY ZONE','738192','2018-01-25 13:40:26',1,'2018-02-28 20:43:39',3,0),
	(788,NULL,'SOPS',NULL,'AMERICAN HISTORY ZONE','738193','2018-01-25 13:40:26',1,'2018-02-28 20:43:39',3,0),
	(789,NULL,'SOPS',NULL,'NMAI NYC OPS','738194','2018-01-25 13:40:26',1,'2018-02-28 20:43:39',3,0),
	(790,NULL,'SOPS',NULL,'COOPER HEWITT OPS','738195','2018-01-25 13:40:26',1,'2018-02-28 20:43:39',3,0),
	(791,NULL,'SOPS',NULL,'STRI','738196','2018-01-25 13:40:26',1,'2018-02-28 20:43:39',3,0),
	(792,NULL,'SOPS',NULL,'NATIONAL ZOO','738197','2018-01-25 13:40:26',1,'2018-02-28 20:43:39',3,0),
	(793,NULL,'SOPS',NULL,'POSTAL MUSEUM','738198','2018-01-25 13:40:26',1,'2018-02-28 20:43:39',3,0),
	(794,NULL,'SOPS',NULL,'ADMINISTRATION','738200','2018-01-25 13:40:26',1,'2018-02-28 20:43:39',3,0),
	(795,NULL,'SOPS',NULL,'AUDITS & COMPLIANCE','738201','2018-01-25 13:40:26',1,'2018-02-28 20:43:39',3,0),
	(796,NULL,'SOPS',NULL,'PARKING','738202','2018-01-25 13:40:26',1,'2018-02-28 20:43:39',3,0),
	(797,NULL,'SOPS',NULL,'ADMINISTRATIVE SVCS','738203','2018-01-25 13:40:26',1,'2018-02-28 20:43:39',3,0),
	(798,NULL,'SOPS',NULL,'TRAINING','738204','2018-01-25 13:40:26',1,'2018-02-28 20:43:39',3,0),
	(799,NULL,'SOPS',NULL,'PERSONNEL SECURITY','738206','2018-01-25 13:40:26',1,'2018-02-28 20:43:39',3,0),
	(800,NULL,'SOPS',NULL,'SUPPLY OPS','738207','2018-01-25 13:40:26',1,'2018-02-28 20:43:39',3,0),
	(801,NULL,'SOPS',NULL,'PHYS AND PERSNL SCRTY','738300','2018-01-25 13:40:26',1,'2018-02-28 20:43:39',3,0),
	(802,NULL,'SOPS',NULL,'LOCKSMITH','738301','2018-01-25 13:40:26',1,'2018-02-28 20:43:39',3,0),
	(803,NULL,'SOPS',NULL,'SYSTEMS ADMIN','738302','2018-01-25 13:40:26',1,'2018-02-28 20:43:39',3,0),
	(804,NULL,'SOPS',NULL,'PROJECT MANAGEMENT','738304','2018-01-25 13:40:26',1,'2018-02-28 20:43:39',3,0),
	(805,NULL,'SOPS',NULL,'SYSTEMS ADMIN SECTION','738310','2018-01-25 13:40:26',1,'2018-02-28 20:43:39',3,0),
	(806,NULL,'SOPS',NULL,'LOCKSMITH OPERATIONS','738311','2018-01-25 13:40:26',1,'2018-02-28 20:43:39',3,0),
	(807,NULL,'SOPS',NULL,'ALARM TECH / MAINT','738312','2018-01-25 13:40:26',1,'2018-02-28 20:43:39',3,0),
	(808,NULL,'SOPS',NULL,'SYSTEM ADMIN/OPERATNS','738313','2018-01-25 13:40:26',1,'2018-02-28 20:43:39',3,0),
	(809,NULL,'SOPS',NULL,'SECURITY PROJECT MGMT','738320','2018-01-25 13:40:26',1,'2018-02-28 20:43:39',3,0),
	(810,NULL,'SOPS',NULL,'PERSNL SECRTY/ID OFC','738330','2018-01-25 13:40:26',1,'2018-02-28 20:43:39',3,0),
	(811,NULL,'SOPS',NULL,'STRI','739000','2018-01-25 13:40:26',1,'2018-02-28 20:43:39',3,0),
	(812,NULL,'SOPS',NULL,'STRI FLEET OPERATIONS','739600','2018-01-25 13:40:26',1,'2018-02-28 20:43:39',3,0),
	(813,NULL,'SOPS',NULL,'SFO VEHICLE FLEET OPS','739610','2018-01-25 13:40:26',1,'2018-02-28 20:43:39',3,0),
	(814,NULL,'SOPS',NULL,'SFO BOAT FLEET OPS','739620','2018-01-25 13:40:26',1,'2018-02-28 20:43:39',3,0),
	(815,NULL,'SA',NULL,'SMITHSONIAN AFFILIATION PGM','740000','2018-01-25 13:40:26',1,'2018-02-28 20:55:26',3,0),
	(816,NULL,'OIR',NULL,'OFC OF INTERNATIONAL REL','750000','2018-01-25 13:40:26',1,'2018-02-28 20:55:26',3,0),
	(817,NULL,'NCP',NULL,'NATIONAL COLLECTIONS PRGM','760000','2018-01-25 13:40:26',1,'2018-02-28 20:55:19',3,0),
	(818,NULL,'SI ORG AUDIENCE AND RESEARCH',NULL,'SI ORG AUDIENCE AND RESEARCH','770000','2018-01-25 13:40:26',1,'2018-02-28 20:43:38',3,0),
	(819,NULL,'OUSMRP',NULL,'UNDR SECR M&R-PROVOST','790000','2018-01-25 13:40:26',1,'2018-02-28 20:55:26',3,0),
	(820,NULL,'OUSMRP',NULL,'OPERATIONS','791000','2018-01-25 13:40:26',1,'2018-02-28 20:55:26',3,0),
	(821,NULL,'OUSMRP',NULL,'CULTURAL HERITAGE PRGM','792000','2018-01-25 13:40:26',1,'2018-02-28 20:55:26',3,0),
	(822,NULL,'OUSMRP',NULL,'DIVE PROGRAM','793000','2018-01-25 13:40:26',1,'2018-02-28 20:55:26',3,0),
	(823,NULL,'OUSMRP',NULL,'DUSCIS PROGRAM','794000','2018-01-25 13:40:26',1,'2018-02-28 20:55:26',3,0),
	(824,NULL,'OUSMRP',NULL,'OTHER PROGRAMS','799000','2018-01-25 13:40:26',1,'2018-02-28 20:55:26',3,0),
	(825,NULL,'SE',NULL,'SMITHSONIAN ENTERPRISES','800000','2018-01-25 13:40:26',1,'2018-02-28 20:43:36',3,0),
	(826,NULL,'TSA',NULL,'THE SMITHSONIAN ASSOCIATES','910000','2018-01-25 13:40:26',1,'2018-02-28 20:43:40',3,0),
	(827,NULL,'TSA',NULL,'ADMINISTRATION','911000','2018-01-25 13:40:26',1,'2018-02-28 20:43:40',3,0),
	(828,NULL,'TSA',NULL,'MEMBERSHIP','913000','2018-01-25 13:40:26',1,'2018-02-28 20:43:40',3,0),
	(829,NULL,'TSA',NULL,'PROGRAMS-SINGLE EVENTS','914100','2018-01-25 13:40:26',1,'2018-02-28 20:43:40',3,0),
	(830,NULL,'TSA',NULL,'PROGRAMS-MULTIPLE EVENTS','914200','2018-01-25 13:40:26',1,'2018-02-28 20:43:40',3,0),
	(831,NULL,'TSA',NULL,'MARKETING','915000','2018-01-25 13:40:26',1,'2018-02-28 20:43:40',3,0),
	(832,NULL,'ASEA',NULL,'ASST SEC FOR EDU & ACCESS','930000','2018-01-25 13:40:26',1,'2018-02-28 20:38:57',3,0),
	(833,NULL,'SISP',NULL,'SI SCHOLARLY PRESS','940000','2018-01-25 13:40:26',1,'2018-02-28 20:43:38',3,0),
	(834,NULL,'SISP',NULL,'OPERATIONS','941000','2018-01-25 13:40:26',1,'2018-02-28 20:43:39',3,0),
	(835,NULL,'SISP',NULL,'EXTERNAL AFFAIRS','942000','2018-01-25 13:40:26',1,'2018-02-28 20:43:39',3,0),
	(836,NULL,'OREG',NULL,'OFFICE OF THE REGENTS','950000','2018-01-25 13:40:26',1,'2018-02-28 20:55:26',3,0),
	(837,NULL,'WWICS',NULL,' FELLOWSHIP PROGRAM','970000','2018-01-25 13:40:26',1,'2018-02-28 20:43:40',3,0),
	(838,NULL,'WWICS',NULL,'SCHOLARS ADMIN & SUPPORT','971000','2018-01-25 13:40:26',1,'2018-02-28 20:43:40',3,0),
	(839,NULL,'WWICS',NULL,'PROGRAMS','972000','2018-01-25 13:40:26',1,'2018-02-28 20:43:40',3,0),
	(840,NULL,'WWICS',NULL,'GENERAL ADMINISTRATION','973000','2018-01-25 13:40:26',1,'2018-02-28 20:43:40',3,0),
	(841,NULL,'WWICS',NULL,'EXTERNAL RELATIONS','974000','2018-01-25 13:40:26',1,'2018-02-28 20:43:40',3,0),
	(842,NULL,'RIF',NULL,'READING IS FUNDAMENTAL','980000','2018-01-25 13:40:26',1,'2018-02-28 20:55:26',3,0),
	(843,NULL,'SIFELW',NULL,'SI FELLOWS (SECOVA)','0000001','2018-01-25 13:40:26',1,'2018-01-27 04:30:02',1,0),
	(844,NULL,'WWSCHL',NULL,'WWICS FELWS/SCHLRS (SECOVA)','0000002','2018-01-25 13:40:26',1,'2018-01-27 04:15:43',1,0),
	(845,'0000000458946464','RRBB','asdf','BBRR','','2018-03-29 11:03:59',6,'2018-03-29 16:05:47',6,1),
	(846,'0000000458946464','_RB','asdf','Arby','','2018-03-29 12:06:16',6,'2018-03-29 16:06:16',6,1),
	(847,'0000000464272347','_R_B_TEST','','_RB_TEST_TEST','','2018-03-29 18:28:44',6,'2018-03-29 22:31:50',6,1),
	(848,'0000000459033229','TESTTEST','','TESTTEST','','2018-03-29 20:50:53',6,'2018-03-30 00:50:53',6,1),
	(849,'0000000122951833','NMAfA','','National Museum of African Art','','2019-03-02 10:40:32',4,'2019-03-02 10:40:32',4,1);

